encoder,dataset,true_class,predicted_as,rate_pct
dinov2,FGVC-Aircraft,C-47,DC-3,48.5
dinov2,FGVC-Aircraft,DC-3,C-47,44.1
resnet18,DTD,dotted,polka-dotted,40.0
dinov2,FGVC-Aircraft,A340-200,A340-300,38.2
dinov2,FGVC-Aircraft,BAE 146-300,BAE 146-200,35.3
dinov2,FGVC-Aircraft,MD-90,MD-80,33.3
dinov2,FGVC-Aircraft,E-195,E-190,30.3
dinov2,FGVC-Aircraft,747-100,747-200,30.3
dinov2,FGVC-Aircraft,737-300,737-400,30.3
dinov2,FGVC-Aircraft,BAE 146-200,BAE 146-300,30.3
dinov2,FGVC-Aircraft,747-400,747-300,30.3
dinov2,FGVC-Aircraft,E-190,E-195,29.4
dinov2,FGVC-Aircraft,MD-11,DC-10,27.3
dinov2,FGVC-Aircraft,MD-80,MD-90,26.5
resnet18,DTD,polka-dotted,dotted,25.0
dinov2,FGVC-Aircraft,A330-300,A330-200,24.2
dinov2,FGVC-Aircraft,737-900,737-800,24.2
dinov2,FGVC-Aircraft,CRJ-700,CRJ-900,24.2
dinov2,FGVC-Aircraft,767-300,767-200,23.5
dinov2,FGVC-Aircraft,A318,A319,23.5
dinov2,FGVC-Aircraft,ERJ 135,ERJ 145,23.5
dinov2,FGVC-Aircraft,747-200,747-300,23.5
resnet18,DTD,lined,banded,22.5
dinov2,FGVC-Aircraft,CRJ-900,CRJ-700,21.2
dinov2,FGVC-Aircraft,ERJ 145,ERJ 135,21.2
dinov2,FGVC-Aircraft,737-400,737-300,21.2
dinov2,FGVC-Aircraft,A300B4,A310,21.2
dinov2,FGVC-Aircraft,A320,A319,21.2
dinov2,FGVC-Aircraft,A319,A318,21.2
dinov2,FGVC-Aircraft,MD-80,MD-87,20.6
resnet18,DTD,stained,marbled,20.0
resnet18,DTD,woven,braided,20.0
resnet18,DTD,grid,meshed,20.0
dinov2,FGVC-Aircraft,767-200,767-300,18.2
dinov2,FGVC-Aircraft,747-300,747-200,18.2
dinov2,FGVC-Aircraft,E-170,E-190,18.2
dinov2,FGVC-Aircraft,A340-300,A340-200,18.2
dinov2,FGVC-Aircraft,Gulfstream IV,Gulfstream V,17.6
resnet18,DTD,pleated,gauzy,17.5
dinov2,FGVC-Aircraft,A330-200,A330-300,15.2
dinov2,FGVC-Aircraft,747-300,747-400,15.2
dinov2,FGVC-Aircraft,747-300,747-100,15.2
dinov2,FGVC-Aircraft,767-400,767-300,15.2
dinov2,FGVC-Aircraft,Falcon 900,Falcon 2000,15.2
dinov2,FGVC-Aircraft,Fokker 100,Fokker 70,15.2
dinov2,FGVC-Aircraft,Saab 2000,Saab 340,15.2
dinov2,FGVC-Aircraft,MD-87,MD-80,15.2
dinov2,FGVC-Aircraft,777-200,777-300,15.2
dinov2,FGVC-Aircraft,737-300,737-500,15.2
dinov2,FGVC-Aircraft,757-300,757-200,15.2
dinov2,FGVC-Aircraft,737-500,737-700,14.7
dinov2,FGVC-Aircraft,757-200,777-300,14.7
dinov2,FGVC-Aircraft,747-200,747-400,14.7
dinov2,FGVC-Aircraft,Boeing 717,MD-80,14.7
dinov2,FGVC-Aircraft,737-800,737-900,14.7
dinov2,FGVC-Aircraft,777-300,777-200,14.7
resnet18,DTD,stained,blotchy,12.5
resnet18,DTD,pitted,porous,12.5
resnet18,DTD,bubbly,sprinkled,12.5
resnet18,DTD,studded,perforated,12.5
resnet18,DTD,blotchy,sprinkled,12.5
resnet18,DTD,polka-dotted,perforated,12.5
resnet18,DTD,matted,fibrous,12.5
dinov2,FGVC-Aircraft,A319,A320,12.1
dinov2,FGVC-Aircraft,DHC-8-300,DHC-8-100,12.1
dinov2,FGVC-Aircraft,EMB-120,Saab 340,12.1
dinov2,FGVC-Aircraft,DC-8,707-320,12.1
dinov2,FGVC-Aircraft,Fokker 70,Fokker 100,12.1
dinov2,FGVC-Aircraft,737-600,737-700,12.1
dinov2,FGVC-Aircraft,MD-90,MD-87,12.1
dinov2,FGVC-Aircraft,L-1011,DC-10,12.1
dinov2,FGVC-Aircraft,747-400,747-200,12.1
dinov2,FGVC-Aircraft,747-400,747-100,12.1
dinov2,FGVC-Aircraft,737-400,737-500,12.1
dinov2,FGVC-Aircraft,Cessna 525,Cessna 560,12.1
dinov2,FGVC-Aircraft,A330-200,A300B4,12.1
dinov2,FGVC-Aircraft,Saab 340,EMB-120,12.1
dinov2,FGVC-Aircraft,MD-80,Boeing 717,11.8
dinov2,FGVC-Aircraft,ATR-72,ATR-42,11.8
dinov2,FGVC-Aircraft,A321,757-300,11.8
dinov2,FGVC-Aircraft,737-500,737-400,11.8
dinov2,FGVC-Aircraft,ATR-72,DHC-8-300,11.8
resnet18,DTD,blotchy,smeared,10.0
resnet18,DTD,lined,grooved,10.0
resnet18,DTD,stained,smeared,10.0
resnet18,DTD,stratified,grooved,10.0
resnet18,DTD,pleated,grooved,10.0
resnet18,DTD,braided,knitted,10.0
resnet18,DTD,blotchy,stained,10.0
resnet18,DTD,porous,flecked,10.0
resnet18,DTD,spiralled,scaly,10.0
resnet18,DTD,pitted,flecked,10.0
resnet18,DTD,flecked,porous,10.0
resnet18,DTD,grooved,lined,10.0
resnet18,DTD,fibrous,matted,10.0
resnet18,DTD,cracked,cobwebbed,10.0
resnet18,DTD,gauzy,wrinkled,10.0
resnet18,DTD,swirly,spiralled,10.0
dinov2,FGVC-Aircraft,MD-87,DC-9-30,9.1
dinov2,FGVC-Aircraft,A340-300,757-300,9.1
dinov2,FGVC-Aircraft,C-130,An-12,9.1
dinov2,FGVC-Aircraft,DC-10,L-1011,9.1
dinov2,FGVC-Aircraft,ATR-42,ATR-72,9.1
dinov2,FGVC-Aircraft,A340-500,A340-600,9.1
dinov2,FGVC-Aircraft,A320,737-800,9.1
dinov2,FGVC-Aircraft,A330-300,767-300,9.1
dinov2,FGVC-Aircraft,767-200,777-200,9.1
dinov2,FGVC-Aircraft,Embraer Legacy 600,ERJ 135,9.1
dinov2,FGVC-Aircraft,Fokker 100,MD-87,9.1
dinov2,FGVC-Aircraft,737-700,737-600,9.1
dinov2,FGVC-Aircraft,737-600,737-500,9.1
dinov2,FGVC-Aircraft,747-100,747-400,9.1
dinov2,FGVC-Aircraft,MD-90,MD-11,9.1
dinov2,FGVC-Aircraft,MD-87,Fokker 100,9.1
dinov2,FGVC-Aircraft,777-200,A330-200,9.1
dinov2,FGVC-Aircraft,Fokker 100,Boeing 717,9.1
dinov2,FGVC-Aircraft,727-200,MD-80,9.1
dinov2,FGVC-Aircraft,A300B4,A330-200,9.1
dinov2,FGVC-Aircraft,MD-87,727-200,9.1
dinov2,FGVC-Aircraft,L-1011,767-200,9.1
dinov2,FGVC-Aircraft,737-800,A321,8.8
dinov2,FGVC-Aircraft,747-200,747-100,8.8
dinov2,FGVC-Aircraft,MD-80,DC-9-30,8.8
dinov2,FGVC-Aircraft,A340-600,767-400,8.8
dinov2,FGVC-Aircraft,767-300,767-400,8.8
dinov2,FGVC-Aircraft,A340-200,A330-200,8.8
dinov2,FGVC-Aircraft,DC-9-30,737-200,8.8
dinov2,FGVC-Aircraft,DC-9-30,727-200,8.8
dinov2,FGVC-Aircraft,737-800,737-400,8.8
dinov2,FGVC-Aircraft,A318,737-600,8.8
dinov2,FGVC-Aircraft,757-200,A320,8.8
dinov2,FGVC-Aircraft,A321,757-200,8.8
dinov2,FGVC-Aircraft,DC-9-30,Boeing 717,8.8
dinov2,FGVC-Aircraft,Boeing 717,DC-9-30,8.8
resnet18,DTD,wrinkled,fibrous,7.5
resnet18,DTD,marbled,smeared,7.5
resnet18,DTD,stained,gauzy,7.5
resnet18,DTD,sprinkled,frilly,7.5
resnet18,DTD,spiralled,braided,7.5
resnet18,DTD,studded,bumpy,7.5
resnet18,DTD,lacelike,paisley,7.5
resnet18,DTD,lined,gauzy,7.5
resnet18,DTD,lacelike,bubbly,7.5
resnet18,DTD,marbled,veined,7.5
resnet18,DTD,pleated,lined,7.5
resnet18,DTD,blotchy,veined,7.5
resnet18,DTD,pitted,blotchy,7.5
resnet18,DTD,meshed,cobwebbed,7.5
resnet18,DTD,spiralled,knitted,7.5
resnet18,DTD,paisley,swirly,7.5
resnet18,DTD,smeared,stained,7.5
resnet18,DTD,meshed,woven,7.5
resnet18,DTD,meshed,honeycombed,7.5
resnet18,DTD,meshed,grid,7.5
resnet18,DTD,potholed,stratified,7.5
resnet18,DTD,crosshatched,gauzy,7.5
resnet18,DTD,bumpy,potholed,7.5
resnet18,DTD,grid,chequered,7.5
resnet18,DTD,honeycombed,meshed,7.5
resnet18,DTD,interlaced,zigzagged,7.5
resnet18,DTD,woven,perforated,7.5
resnet18,DTD,waffled,grid,7.5
resnet18,DTD,blotchy,bumpy,7.5
resnet18,DTD,grooved,pleated,7.5
resnet18,DTD,bumpy,braided,7.5
resnet18,DTD,crosshatched,blotchy,7.5
resnet18,DTD,flecked,pitted,7.5
resnet18,DTD,blotchy,marbled,7.5
dinov2,FGVC-Aircraft,L-1011,DC-8,6.1
dinov2,FGVC-Aircraft,A300B4,A321,6.1
dinov2,FGVC-Aircraft,777-200,767-200,6.1
dinov2,FGVC-Aircraft,L-1011,777-300,6.1
dinov2,FGVC-Aircraft,A300B4,767-200,6.1
dinov2,FGVC-Aircraft,767-200,767-400,6.1
dinov2,FGVC-Aircraft,777-200,737-600,6.1
dinov2,FGVC-Aircraft,Saab 340,Saab 2000,6.1
dinov2,FGVC-Aircraft,767-200,737-700,6.1
dinov2,FGVC-Aircraft,767-200,737-200,6.1
dinov2,FGVC-Aircraft,737-600,A318,6.1
dinov2,FGVC-Aircraft,737-400,A321,6.1
dinov2,FGVC-Aircraft,F/A-18,Tornado,6.1
dinov2,FGVC-Aircraft,A310,A320,6.1
dinov2,FGVC-Aircraft,L-1011,727-200,6.1
dinov2,FGVC-Aircraft,707-320,DC-10,6.1
dinov2,FGVC-Aircraft,737-300,737-800,6.1
dinov2,FGVC-Aircraft,707-320,A340-300,6.1
dinov2,FGVC-Aircraft,707-320,A340-200,6.1
dinov2,FGVC-Aircraft,Beechcraft 1900,EMB-120,6.1
dinov2,FGVC-Aircraft,ATR-42,Dornier 328,6.1
dinov2,FGVC-Aircraft,C-47,DC-6,6.1
dinov2,FGVC-Aircraft,Cessna 525,BAE-125,6.1
dinov2,FGVC-Aircraft,CRJ-700,ERJ 145,6.1
dinov2,FGVC-Aircraft,A340-500,A320,6.1
dinov2,FGVC-Aircraft,A380,A340-600,6.1
dinov2,FGVC-Aircraft,DC-10,MD-11,6.1
dinov2,FGVC-Aircraft,DHC-8-100,DHC-8-300,6.1
dinov2,FGVC-Aircraft,DHC-8-100,Dornier 328,6.1
dinov2,FGVC-Aircraft,A320,A318,6.1
dinov2,FGVC-Aircraft,DC-10,737-300,6.1
dinov2,FGVC-Aircraft,727-200,Tu-154,6.1
dinov2,FGVC-Aircraft,737-400,737-900,6.1
dinov2,FGVC-Aircraft,727-200,MD-90,6.1
dinov2,FGVC-Aircraft,707-320,747-100,6.1
dinov2,FGVC-Aircraft,747-100,747-300,6.1
dinov2,FGVC-Aircraft,747-100,767-300,6.1
dinov2,FGVC-Aircraft,Gulfstream V,Gulfstream IV,6.1
dinov2,FGVC-Aircraft,737-700,737-900,6.1
dinov2,FGVC-Aircraft,Fokker 100,Tu-134,6.1
dinov2,FGVC-Aircraft,A310,A300B4,6.1
dinov2,FGVC-Aircraft,737-300,A319,6.1
dinov2,FGVC-Aircraft,A320,A321,6.1
dinov2,FGVC-Aircraft,A330-200,777-300,6.1
dinov2,FGVC-Aircraft,E-170,E-195,6.1
dinov2,FGVC-Aircraft,727-200,DC-9-30,6.1
dinov2,FGVC-Aircraft,Dornier 328,BAE 146-200,6.1
dinov2,FGVC-Aircraft,A330-200,A310,6.1
dinov2,FGVC-Aircraft,A320,737-700,6.1
dinov2,FGVC-Aircraft,707-320,L-1011,6.1
dinov2,FGVC-Aircraft,Dornier 328,DHC-8-300,6.1
dinov2,FGVC-Aircraft,A340-300,A340-500,6.1
dinov2,FGVC-Aircraft,A340-300,747-400,6.1
dinov2,FGVC-Aircraft,A340-500,777-200,6.1
dinov2,FGVC-Aircraft,A340-500,A300B4,6.1
dinov2,FGVC-Aircraft,737-200,737-600,5.9
dinov2,FGVC-Aircraft,737-200,737-500,5.9
dinov2,FGVC-Aircraft,737-200,737-400,5.9
dinov2,FGVC-Aircraft,737-500,MD-11,5.9
dinov2,FGVC-Aircraft,757-200,737-800,5.9
dinov2,FGVC-Aircraft,757-200,737-900,5.9
dinov2,FGVC-Aircraft,757-200,A330-200,5.9
dinov2,FGVC-Aircraft,737-800,767-300,5.9
dinov2,FGVC-Aircraft,737-500,737-600,5.9
dinov2,FGVC-Aircraft,737-500,737-800,5.9
dinov2,FGVC-Aircraft,Falcon 2000,ERJ 145,5.9
dinov2,FGVC-Aircraft,Gulfstream IV,Challenger 600,5.9
dinov2,FGVC-Aircraft,A340-200,A330-300,5.9
dinov2,FGVC-Aircraft,DHC-6,Cessna 208,5.9
dinov2,FGVC-Aircraft,DC-3,DC-6,5.9
dinov2,FGVC-Aircraft,737-200,737-700,5.9
dinov2,FGVC-Aircraft,A321,A320,5.9
dinov2,FGVC-Aircraft,DC-9-30,MD-80,5.9
dinov2,FGVC-Aircraft,DC-9-30,Fokker 100,5.9
dinov2,FGVC-Aircraft,A321,737-800,5.9
dinov2,FGVC-Aircraft,A340-600,777-300,5.9
dinov2,FGVC-Aircraft,Cessna 560,Gulfstream IV,5.9
dinov2,FGVC-Aircraft,A340-600,737-900,5.9
dinov2,FGVC-Aircraft,CRJ-200,CRJ-700,5.9
dinov2,FGVC-Aircraft,Boeing 717,MD-87,5.9
dinov2,FGVC-Aircraft,767-300,MD-11,5.9
dinov2,FGVC-Aircraft,767-300,777-200,5.9
dinov2,FGVC-Aircraft,767-300,737-900,5.9
resnet18,DTD,blotchy,porous,5.0
resnet18,DTD,banded,chequered,5.0
resnet18,DTD,bumpy,bubbly,5.0
resnet18,DTD,bubbly,marbled,5.0
resnet18,DTD,bubbly,flecked,5.0
resnet18,DTD,porous,bumpy,5.0
resnet18,DTD,braided,waffled,5.0
resnet18,DTD,crystalline,smeared,5.0
resnet18,DTD,crystalline,frilly,5.0
resnet18,DTD,crosshatched,grooved,5.0
resnet18,DTD,crosshatched,grid,5.0
resnet18,DTD,crosshatched,flecked,5.0
resnet18,DTD,crosshatched,cracked,5.0
resnet18,DTD,cracked,veined,5.0
resnet18,DTD,cracked,blotchy,5.0
resnet18,DTD,freckled,stained,5.0
resnet18,DTD,freckled,bumpy,5.0
resnet18,DTD,grid,lined,5.0
resnet18,DTD,grid,interlaced,5.0
resnet18,DTD,frilly,wrinkled,5.0
resnet18,DTD,perforated,honeycombed,5.0
resnet18,DTD,perforated,grid,5.0
resnet18,DTD,porous,pitted,5.0
resnet18,DTD,porous,marbled,5.0
resnet18,DTD,interlaced,cobwebbed,5.0
resnet18,DTD,zigzagged,braided,5.0
resnet18,DTD,waffled,scaly,5.0
resnet18,DTD,veined,marbled,5.0
resnet18,DTD,veined,grooved,5.0
resnet18,DTD,swirly,paisley,5.0
resnet18,DTD,swirly,interlaced,5.0
resnet18,DTD,swirly,flecked,5.0
resnet18,DTD,woven,knitted,5.0
resnet18,DTD,woven,honeycombed,5.0
resnet18,DTD,woven,grid,5.0
resnet18,DTD,striped,swirly,5.0
resnet18,DTD,striped,spiralled,5.0
resnet18,DTD,matted,pitted,5.0
resnet18,DTD,smeared,crystalline,5.0
resnet18,DTD,smeared,blotchy,5.0
resnet18,DTD,scaly,honeycombed,5.0
resnet18,DTD,scaly,bumpy,5.0
resnet18,DTD,potholed,smeared,5.0
resnet18,DTD,stained,stratified,5.0
resnet18,DTD,stained,sprinkled,5.0
resnet18,DTD,swirly,dotted,5.0
resnet18,DTD,swirly,cobwebbed,5.0
resnet18,DTD,marbled,stained,5.0
resnet18,DTD,marbled,flecked,5.0
resnet18,DTD,marbled,crystalline,5.0
resnet18,DTD,sprinkled,blotchy,5.0
resnet18,DTD,striped,lined,5.0
resnet18,DTD,stratified,wrinkled,5.0
resnet18,DTD,stratified,stained,5.0
resnet18,DTD,stratified,potholed,5.0
resnet18,DTD,spiralled,swirly,5.0
resnet18,DTD,smeared,swirly,5.0
resnet18,DTD,smeared,freckled,5.0
resnet18,DTD,paisley,lacelike,5.0
resnet18,DTD,paisley,interlaced,5.0
resnet18,DTD,meshed,scaly,5.0
resnet18,DTD,meshed,perforated,5.0
resnet18,DTD,pitted,potholed,5.0
resnet18,DTD,pitted,marbled,5.0
resnet18,DTD,matted,stained,5.0
resnet18,DTD,banded,grooved,5.0
resnet18,DTD,banded,gauzy,5.0
resnet18,DTD,bumpy,waffled,5.0
resnet18,DTD,bumpy,scaly,5.0
resnet18,DTD,braided,interlaced,5.0
resnet18,DTD,bumpy,honeycombed,5.0
dinov2,FGVC-Aircraft,Saab 2000,Model B200,3.0
dinov2,FGVC-Aircraft,Saab 340,DC-6,3.0
dinov2,FGVC-Aircraft,Saab 340,Beechcraft 1900,3.0
dinov2,FGVC-Aircraft,Saab 340,737-400,3.0
dinov2,FGVC-Aircraft,Saab 340,737-300,3.0
dinov2,FGVC-Aircraft,747-400,777-200,3.0
dinov2,FGVC-Aircraft,MD-11,L-1011,3.0
dinov2,FGVC-Aircraft,MD-11,A340-600,3.0
dinov2,FGVC-Aircraft,MD-11,A340-300,3.0
dinov2,FGVC-Aircraft,MD-11,A321,3.0
dinov2,FGVC-Aircraft,MD-11,A318,3.0
dinov2,FGVC-Aircraft,MD-90,Tu-154,3.0
dinov2,FGVC-Aircraft,BAE-125,Fokker 70,3.0
dinov2,FGVC-Aircraft,BAE-125,Falcon 900,3.0
dinov2,FGVC-Aircraft,BAE 146-200,A340-300,3.0
dinov2,FGVC-Aircraft,An-12,C-130,3.0
dinov2,FGVC-Aircraft,ATR-42,DHC-6,3.0
dinov2,FGVC-Aircraft,C-47,C-130,3.0
dinov2,FGVC-Aircraft,C-130,ATR-72,3.0
dinov2,FGVC-Aircraft,C-130,A300B4,3.0
dinov2,FGVC-Aircraft,Cessna 208,DHC-8-300,3.0
dinov2,FGVC-Aircraft,A340-500,757-300,3.0
dinov2,FGVC-Aircraft,A340-300,A340-600,3.0
dinov2,FGVC-Aircraft,DC-10,A318,3.0
dinov2,FGVC-Aircraft,DC-10,757-300,3.0
dinov2,FGVC-Aircraft,DC-10,757-200,3.0
dinov2,FGVC-Aircraft,DC-10,737-700,3.0
dinov2,FGVC-Aircraft,Challenger 600,Yak-42,3.0
dinov2,FGVC-Aircraft,Challenger 600,Global Express,3.0
dinov2,FGVC-Aircraft,Challenger 600,Falcon 2000,3.0
dinov2,FGVC-Aircraft,DC-8,767-300,3.0
dinov2,FGVC-Aircraft,DC-8,767-200,3.0
dinov2,FGVC-Aircraft,757-300,A330-300,3.0
dinov2,FGVC-Aircraft,757-300,737-800,3.0
dinov2,FGVC-Aircraft,757-300,737-300,3.0
dinov2,FGVC-Aircraft,MD-90,Boeing 717,3.0
dinov2,FGVC-Aircraft,MD-90,767-400,3.0
dinov2,FGVC-Aircraft,CRJ-700,Global Express,3.0
dinov2,FGVC-Aircraft,DHC-8-100,EMB-120,3.0
dinov2,FGVC-Aircraft,DH-82,A318,3.0
dinov2,FGVC-Aircraft,A330-300,A300B4,3.0
dinov2,FGVC-Aircraft,A330-300,777-300,3.0
dinov2,FGVC-Aircraft,A330-300,777-200,3.0
dinov2,FGVC-Aircraft,A330-300,747-300,3.0
dinov2,FGVC-Aircraft,A330-300,737-800,3.0
dinov2,FGVC-Aircraft,A330-200,Fokker 100,3.0
dinov2,FGVC-Aircraft,A330-200,CRJ-200,3.0
dinov2,FGVC-Aircraft,A340-300,A321,3.0
dinov2,FGVC-Aircraft,A340-300,777-300,3.0
dinov2,FGVC-Aircraft,A340-300,767-400,3.0
dinov2,FGVC-Aircraft,A340-300,737-600,3.0
dinov2,FGVC-Aircraft,A340-500,777-300,3.0
dinov2,FGVC-Aircraft,A340-500,767-300,3.0
dinov2,FGVC-Aircraft,DC-8,757-200,3.0
dinov2,FGVC-Aircraft,DC-8,747-100,3.0
dinov2,FGVC-Aircraft,DC-6,SR-20,3.0
dinov2,FGVC-Aircraft,DC-6,Metroliner,3.0
dinov2,FGVC-Aircraft,DC-6,Fokker 50,3.0
dinov2,FGVC-Aircraft,DC-10,MD-90,3.0
dinov2,FGVC-Aircraft,DHC-8-100,Fokker 50,3.0
dinov2,FGVC-Aircraft,A340-500,ATR-72,3.0
dinov2,FGVC-Aircraft,A340-500,A380,3.0
dinov2,FGVC-Aircraft,A340-500,A340-300,3.0
dinov2,FGVC-Aircraft,A340-500,A330-300,3.0
dinov2,FGVC-Aircraft,A340-500,A321,3.0
dinov2,FGVC-Aircraft,ATR-42,An-12,3.0
dinov2,FGVC-Aircraft,CRJ-900,ERJ 145,3.0
dinov2,FGVC-Aircraft,CRJ-900,A321,3.0
dinov2,FGVC-Aircraft,CRJ-700,Tu-134,3.0
dinov2,FGVC-Aircraft,DC-8,A318,3.0
dinov2,FGVC-Aircraft,E-170,A340-300,3.0
dinov2,FGVC-Aircraft,E-170,A321,3.0
dinov2,FGVC-Aircraft,E-170,A320,3.0
dinov2,FGVC-Aircraft,E-170,747-300,3.0
dinov2,FGVC-Aircraft,Dornier 328,Tu-134,3.0
dinov2,FGVC-Aircraft,A320,Gulfstream V,3.0
dinov2,FGVC-Aircraft,A320,E-190,3.0
dinov2,FGVC-Aircraft,A320,E-170,3.0
dinov2,FGVC-Aircraft,A320,A340-300,3.0
dinov2,FGVC-Aircraft,A330-200,A340-300,3.0
dinov2,FGVC-Aircraft,A330-200,A340-200,3.0
dinov2,FGVC-Aircraft,A330-200,A320,3.0
dinov2,FGVC-Aircraft,A330-300,E-170,3.0
dinov2,FGVC-Aircraft,A330-300,A340-600,3.0
dinov2,FGVC-Aircraft,A330-300,A340-200,3.0
dinov2,FGVC-Aircraft,A319,A330-200,3.0
dinov2,FGVC-Aircraft,727-200,Fokker 70,3.0
dinov2,FGVC-Aircraft,727-200,Fokker 100,3.0
dinov2,FGVC-Aircraft,727-200,747-200,3.0
dinov2,FGVC-Aircraft,727-200,707-320,3.0
dinov2,FGVC-Aircraft,A330-200,737-800,3.0
dinov2,FGVC-Aircraft,Dornier 328,ATR-42,3.0
dinov2,FGVC-Aircraft,DHC-8-300,ATR-72,3.0
dinov2,FGVC-Aircraft,EMB-120,767-200,3.0
dinov2,FGVC-Aircraft,EMB-120,737-700,3.0
dinov2,FGVC-Aircraft,E-195,MD-11,3.0
dinov2,FGVC-Aircraft,E-195,DC-8,3.0
dinov2,FGVC-Aircraft,E-195,A321,3.0
dinov2,FGVC-Aircraft,DH-82,A310,3.0
dinov2,FGVC-Aircraft,DC-8,E-195,3.0
dinov2,FGVC-Aircraft,DC-8,CRJ-900,3.0
dinov2,FGVC-Aircraft,E-195,767-400,3.0
dinov2,FGVC-Aircraft,E-195,737-800,3.0
dinov2,FGVC-Aircraft,E-195,737-700,3.0
dinov2,FGVC-Aircraft,E-195,737-600,3.0
dinov2,FGVC-Aircraft,E-195,707-320,3.0
dinov2,FGVC-Aircraft,ERJ 145,Yak-42,3.0
dinov2,FGVC-Aircraft,ERJ 145,E-195,3.0
dinov2,FGVC-Aircraft,ERJ 145,CRJ-900,3.0
dinov2,FGVC-Aircraft,ERJ 145,CRJ-200,3.0
dinov2,FGVC-Aircraft,707-320,737-300,3.0
dinov2,FGVC-Aircraft,707-320,737-200,3.0
dinov2,FGVC-Aircraft,737-300,737-700,3.0
dinov2,FGVC-Aircraft,737-300,737-600,3.0
dinov2,FGVC-Aircraft,A320,777-200,3.0
dinov2,FGVC-Aircraft,A320,767-300,3.0
dinov2,FGVC-Aircraft,A319,E-195,3.0
dinov2,FGVC-Aircraft,A380,747-200,3.0
dinov2,FGVC-Aircraft,A380,737-600,3.0
dinov2,FGVC-Aircraft,Beechcraft 1900,Model B200,3.0
dinov2,FGVC-Aircraft,Beechcraft 1900,737-300,3.0
dinov2,FGVC-Aircraft,A319,A310,3.0
dinov2,FGVC-Aircraft,A319,777-200,3.0
dinov2,FGVC-Aircraft,A319,737-600,3.0
dinov2,FGVC-Aircraft,A319,737-300,3.0
dinov2,FGVC-Aircraft,A319,707-320,3.0
dinov2,FGVC-Aircraft,A310,A330-300,3.0
dinov2,FGVC-Aircraft,A310,A330-200,3.0
dinov2,FGVC-Aircraft,707-320,Fokker 100,3.0
dinov2,FGVC-Aircraft,707-320,E-195,3.0
dinov2,FGVC-Aircraft,707-320,DC-8,3.0
dinov2,FGVC-Aircraft,707-320,747-200,3.0
dinov2,FGVC-Aircraft,E-195,A320,3.0
dinov2,FGVC-Aircraft,737-400,737-200,3.0
dinov2,FGVC-Aircraft,737-400,707-320,3.0
dinov2,FGVC-Aircraft,737-300,MD-11,3.0
dinov2,FGVC-Aircraft,727-200,Yak-42,3.0
dinov2,FGVC-Aircraft,Fokker 100,CRJ-700,3.0
dinov2,FGVC-Aircraft,Fokker 100,BAE 146-300,3.0
dinov2,FGVC-Aircraft,Fokker 100,727-200,3.0
dinov2,FGVC-Aircraft,Falcon 900,Fokker 70,3.0
dinov2,FGVC-Aircraft,CRJ-700,Fokker 100,3.0
dinov2,FGVC-Aircraft,CRJ-700,CRJ-200,3.0
dinov2,FGVC-Aircraft,Challenger 600,Embraer Legacy 600,3.0
dinov2,FGVC-Aircraft,Challenger 600,Cessna 525,3.0
dinov2,FGVC-Aircraft,A380,A340-500,3.0
dinov2,FGVC-Aircraft,A380,777-200,3.0
dinov2,FGVC-Aircraft,A380,767-200,3.0
dinov2,FGVC-Aircraft,A380,757-300,3.0
dinov2,FGVC-Aircraft,A310,747-300,3.0
dinov2,FGVC-Aircraft,737-400,DC-8,3.0
dinov2,FGVC-Aircraft,Falcon 900,CRJ-700,3.0
dinov2,FGVC-Aircraft,F/A-18,MD-11,3.0
dinov2,FGVC-Aircraft,Embraer Legacy 600,Gulfstream V,3.0
dinov2,FGVC-Aircraft,Embraer Legacy 600,Global Express,3.0
dinov2,FGVC-Aircraft,Embraer Legacy 600,Fokker 100,3.0
dinov2,FGVC-Aircraft,Embraer Legacy 600,ERJ 145,3.0
dinov2,FGVC-Aircraft,Global Express,Gulfstream V,3.0
dinov2,FGVC-Aircraft,Global Express,Fokker 70,3.0
dinov2,FGVC-Aircraft,Global Express,Falcon 2000,3.0
dinov2,FGVC-Aircraft,Global Express,ERJ 135,3.0
dinov2,FGVC-Aircraft,Fokker 70,MD-87,3.0
dinov2,FGVC-Aircraft,737-400,A318,3.0
dinov2,FGVC-Aircraft,737-400,A300B4,3.0
dinov2,FGVC-Aircraft,737-400,737-800,3.0
dinov2,FGVC-Aircraft,Hawk T1,F/A-18,3.0
dinov2,FGVC-Aircraft,Gulfstream V,MD-87,3.0
dinov2,FGVC-Aircraft,Gulfstream V,Embraer Legacy 600,3.0
dinov2,FGVC-Aircraft,737-700,767-200,3.0
dinov2,FGVC-Aircraft,737-700,747-300,3.0
dinov2,FGVC-Aircraft,747-100,737-900,3.0
dinov2,FGVC-Aircraft,737-300,E-170,3.0
dinov2,FGVC-Aircraft,737-300,A330-300,3.0
dinov2,FGVC-Aircraft,737-700,737-400,3.0
dinov2,FGVC-Aircraft,737-700,737-300,3.0
dinov2,FGVC-Aircraft,737-600,A319,3.0
dinov2,FGVC-Aircraft,737-600,A300B4,3.0
dinov2,FGVC-Aircraft,737-600,747-400,3.0
dinov2,FGVC-Aircraft,737-600,747-200,3.0
dinov2,FGVC-Aircraft,A310,A319,3.0
dinov2,FGVC-Aircraft,A310,757-200,3.0
dinov2,FGVC-Aircraft,737-900,767-400,3.0
dinov2,FGVC-Aircraft,737-900,767-300,3.0
dinov2,FGVC-Aircraft,737-900,757-300,3.0
dinov2,FGVC-Aircraft,737-900,737-700,3.0
dinov2,FGVC-Aircraft,737-900,737-300,3.0
dinov2,FGVC-Aircraft,737-700,A330-300,3.0
dinov2,FGVC-Aircraft,737-700,A320,3.0
dinov2,FGVC-Aircraft,737-700,A318,3.0
dinov2,FGVC-Aircraft,MD-11,757-200,3.0
dinov2,FGVC-Aircraft,Fokker 70,ERJ 145,3.0
dinov2,FGVC-Aircraft,Fokker 70,DC-9-30,3.0
dinov2,FGVC-Aircraft,Fokker 70,Challenger 600,3.0
dinov2,FGVC-Aircraft,Fokker 70,CRJ-900,3.0
dinov2,FGVC-Aircraft,Fokker 70,Boeing 717,3.0
dinov2,FGVC-Aircraft,Fokker 100,Yak-42,3.0
dinov2,FGVC-Aircraft,L-1011,737-300,3.0
dinov2,FGVC-Aircraft,L-1011,MD-11,3.0
dinov2,FGVC-Aircraft,L-1011,Boeing 717,3.0
dinov2,FGVC-Aircraft,L-1011,A321,3.0
dinov2,FGVC-Aircraft,L-1011,757-200,3.0
dinov2,FGVC-Aircraft,L-1011,747-100,3.0
dinov2,FGVC-Aircraft,MD-87,DC-10,3.0
dinov2,FGVC-Aircraft,MD-87,CRJ-900,3.0
dinov2,FGVC-Aircraft,MD-87,CRJ-700,3.0
dinov2,FGVC-Aircraft,A300B4,A320,3.0
dinov2,FGVC-Aircraft,A300B4,767-400,3.0
dinov2,FGVC-Aircraft,A300B4,747-100,3.0
dinov2,FGVC-Aircraft,A300B4,727-200,3.0
dinov2,FGVC-Aircraft,747-100,707-320,3.0
dinov2,FGVC-Aircraft,737-900,MD-11,3.0
dinov2,FGVC-Aircraft,737-900,A330-300,3.0
dinov2,FGVC-Aircraft,737-900,A321,3.0
dinov2,FGVC-Aircraft,Cessna 208,DHC-6,3.0
dinov2,FGVC-Aircraft,Cessna 208,Cessna 172,3.0
dinov2,FGVC-Aircraft,CRJ-900,MD-80,3.0
dinov2,FGVC-Aircraft,CRJ-900,Fokker 70,3.0
dinov2,FGVC-Aircraft,Model B200,Cessna 560,3.0
dinov2,FGVC-Aircraft,747-300,A380,3.0
dinov2,FGVC-Aircraft,747-300,A340-500,3.0
dinov2,FGVC-Aircraft,747-300,767-400,3.0
dinov2,FGVC-Aircraft,747-300,767-300,3.0
dinov2,FGVC-Aircraft,767-200,747-200,3.0
dinov2,FGVC-Aircraft,747-100,L-1011,3.0
dinov2,FGVC-Aircraft,747-100,DC-10,3.0
dinov2,FGVC-Aircraft,A310,737-900,3.0
dinov2,FGVC-Aircraft,A310,737-800,3.0
dinov2,FGVC-Aircraft,A300B4,A340-300,3.0
dinov2,FGVC-Aircraft,A300B4,A340-200,3.0
dinov2,FGVC-Aircraft,767-200,A340-200,3.0
dinov2,FGVC-Aircraft,Saab 2000,EMB-120,3.0
dinov2,FGVC-Aircraft,Saab 2000,DHC-8-300,3.0
dinov2,FGVC-Aircraft,PA-28,MD-11,3.0
dinov2,FGVC-Aircraft,PA-28,DR-400,3.0
dinov2,FGVC-Aircraft,PA-28,737-300,3.0
dinov2,FGVC-Aircraft,Model B200,Gulfstream IV,3.0
dinov2,FGVC-Aircraft,Tu-134,727-200,3.0
dinov2,FGVC-Aircraft,Tornado,F/A-18,3.0
dinov2,FGVC-Aircraft,Saab 340,Model B200,3.0
dinov2,FGVC-Aircraft,777-200,A340-600,3.0
dinov2,FGVC-Aircraft,777-200,A340-300,3.0
dinov2,FGVC-Aircraft,777-200,A310,3.0
dinov2,FGVC-Aircraft,777-200,767-300,3.0
dinov2,FGVC-Aircraft,747-400,A340-200,3.0
dinov2,FGVC-Aircraft,747-400,777-300,3.0
dinov2,FGVC-Aircraft,MD-87,MD-90,3.0
dinov2,FGVC-Aircraft,777-200,747-200,3.0
dinov2,FGVC-Aircraft,777-200,737-900,3.0
dinov2,FGVC-Aircraft,767-400,A340-600,3.0
dinov2,FGVC-Aircraft,767-400,A330-300,3.0
dinov2,FGVC-Aircraft,767-400,777-200,3.0
dinov2,FGVC-Aircraft,777-200,Falcon 900,3.0
dinov2,FGVC-Aircraft,Yak-42,Tu-154,3.0
dinov2,FGVC-Aircraft,Yak-42,MD-87,3.0
dinov2,FGVC-Aircraft,Yak-42,Fokker 70,3.0
dinov2,FGVC-Aircraft,Yak-42,Falcon 900,3.0
dinov2,FGVC-Aircraft,Yak-42,CRJ-900,3.0
dinov2,FGVC-Aircraft,Yak-42,CRJ-200,3.0
dinov2,FGVC-Aircraft,Tu-134,Fokker 70,3.0
dinov2,FGVC-Aircraft,767-400,767-200,3.0
dinov2,FGVC-Aircraft,767-400,737-900,3.0
dinov2,FGVC-Aircraft,737-800,A320,2.9
dinov2,FGVC-Aircraft,Metroliner,Saab 340,2.9
dinov2,FGVC-Aircraft,Boeing 717,L-1011,2.9
dinov2,FGVC-Aircraft,A340-600,MD-11,2.9
dinov2,FGVC-Aircraft,A340-600,757-300,2.9
dinov2,FGVC-Aircraft,A340-600,Falcon 2000,2.9
dinov2,FGVC-Aircraft,A340-600,ATR-72,2.9
dinov2,FGVC-Aircraft,A340-600,A340-300,2.9
dinov2,FGVC-Aircraft,737-200,Boeing 717,2.9
dinov2,FGVC-Aircraft,A340-600,A330-300,2.9
dinov2,FGVC-Aircraft,A340-600,A320,2.9
dinov2,FGVC-Aircraft,Boeing 717,Fokker 100,2.9
dinov2,FGVC-Aircraft,BAE 146-300,Il-76,2.9
dinov2,FGVC-Aircraft,BAE 146-300,Dornier 328,2.9
dinov2,FGVC-Aircraft,BAE 146-300,737-600,2.9
dinov2,FGVC-Aircraft,ATR-72,EMB-120,2.9
dinov2,FGVC-Aircraft,A340-200,MD-11,2.9
dinov2,FGVC-Aircraft,A321,MD-11,2.9
dinov2,FGVC-Aircraft,A321,E-190,2.9
dinov2,FGVC-Aircraft,A321,ATR-72,2.9
dinov2,FGVC-Aircraft,A321,A340-600,2.9
dinov2,FGVC-Aircraft,A321,A340-300,2.9
dinov2,FGVC-Aircraft,A321,A340-200,2.9
dinov2,FGVC-Aircraft,A321,A319,2.9
dinov2,FGVC-Aircraft,A321,767-400,2.9
dinov2,FGVC-Aircraft,747-200,A340-600,2.9
dinov2,FGVC-Aircraft,747-200,A340-200,2.9
dinov2,FGVC-Aircraft,747-200,A310,2.9
dinov2,FGVC-Aircraft,747-200,777-200,2.9
dinov2,FGVC-Aircraft,747-200,757-200,2.9
dinov2,FGVC-Aircraft,747-200,707-320,2.9
dinov2,FGVC-Aircraft,777-300,A340-600,2.9
dinov2,FGVC-Aircraft,777-300,A330-300,2.9
dinov2,FGVC-Aircraft,777-300,A321,2.9
dinov2,FGVC-Aircraft,757-200,777-200,2.9
dinov2,FGVC-Aircraft,757-200,767-300,2.9
dinov2,FGVC-Aircraft,757-200,767-200,2.9
dinov2,FGVC-Aircraft,757-200,757-300,2.9
dinov2,FGVC-Aircraft,757-200,DC-10,2.9
dinov2,FGVC-Aircraft,757-200,ATR-72,2.9
dinov2,FGVC-Aircraft,757-200,A321,2.9
dinov2,FGVC-Aircraft,737-200,737-300,2.9
dinov2,FGVC-Aircraft,737-200,707-320,2.9
dinov2,FGVC-Aircraft,A318,DC-10,2.9
dinov2,FGVC-Aircraft,A318,737-900,2.9
dinov2,FGVC-Aircraft,737-500,737-300,2.9
dinov2,FGVC-Aircraft,737-500,737-200,2.9
dinov2,FGVC-Aircraft,737-500,A319,2.9
dinov2,FGVC-Aircraft,737-500,A318,2.9
dinov2,FGVC-Aircraft,A340-200,A380,2.9
dinov2,FGVC-Aircraft,737-800,A318,2.9
dinov2,FGVC-Aircraft,737-800,777-200,2.9
dinov2,FGVC-Aircraft,737-800,757-200,2.9
dinov2,FGVC-Aircraft,737-800,737-700,2.9
dinov2,FGVC-Aircraft,737-800,737-300,2.9
dinov2,FGVC-Aircraft,747-200,MD-11,2.9
dinov2,FGVC-Aircraft,747-200,DC-8,2.9
dinov2,FGVC-Aircraft,A321,737-200,2.9
dinov2,FGVC-Aircraft,A340-200,A340-500,2.9
dinov2,FGVC-Aircraft,A340-200,A321,2.9
dinov2,FGVC-Aircraft,A340-200,A320,2.9
dinov2,FGVC-Aircraft,Boeing 717,757-300,2.9
dinov2,FGVC-Aircraft,CRJ-200,DC-9-30,2.9
dinov2,FGVC-Aircraft,CRJ-200,Yak-42,2.9
dinov2,FGVC-Aircraft,CRJ-200,A321,2.9
dinov2,FGVC-Aircraft,Boeing 717,MD-90,2.9
dinov2,FGVC-Aircraft,Cessna 560,MD-90,2.9
dinov2,FGVC-Aircraft,Cessna 560,Fokker 70,2.9
dinov2,FGVC-Aircraft,Cessna 560,Embraer Legacy 600,2.9
dinov2,FGVC-Aircraft,DC-3,Fokker 50,2.9
dinov2,FGVC-Aircraft,DC-3,E-170,2.9
dinov2,FGVC-Aircraft,DC-3,737-500,2.9
dinov2,FGVC-Aircraft,DC-9-30,MD-87,2.9
dinov2,FGVC-Aircraft,E-190,A319,2.9
dinov2,FGVC-Aircraft,E-190,737-700,2.9
dinov2,FGVC-Aircraft,DR-400,PA-28,2.9
dinov2,FGVC-Aircraft,DR-400,Cessna 208,2.9
dinov2,FGVC-Aircraft,E-190,E-170,2.9
dinov2,FGVC-Aircraft,E-190,A320,2.9
dinov2,FGVC-Aircraft,Eurofighter Typhoon,F/A-18,2.9
dinov2,FGVC-Aircraft,ERJ 135,BAE-125,2.9
dinov2,FGVC-Aircraft,Fokker 50,DHC-8-300,2.9
dinov2,FGVC-Aircraft,Fokker 50,DHC-8-100,2.9
dinov2,FGVC-Aircraft,Fokker 50,A300B4,2.9
dinov2,FGVC-Aircraft,Falcon 2000,Yak-42,2.9
dinov2,FGVC-Aircraft,Gulfstream IV,Tu-134,2.9
dinov2,FGVC-Aircraft,Gulfstream IV,Embraer Legacy 600,2.9
dinov2,FGVC-Aircraft,Gulfstream IV,Cessna 525,2.9
dinov2,FGVC-Aircraft,Gulfstream IV,737-300,2.9
dinov2,FGVC-Aircraft,Il-76,737-200,2.9
dinov2,FGVC-Aircraft,777-300,737-900,2.9
dinov2,FGVC-Aircraft,767-300,A340-600,2.9
dinov2,FGVC-Aircraft,767-300,A330-200,2.9
dinov2,FGVC-Aircraft,767-300,A321,2.9
dinov2,FGVC-Aircraft,767-300,A300B4,2.9
dinov2,FGVC-Aircraft,767-300,777-300,2.9
dinov2,FGVC-Aircraft,767-300,757-200,2.9
dinov2,FGVC-Aircraft,767-300,737-800,2.9
dinov2,FGVC-Aircraft,Tu-154,MD-90,2.9
dinov2,FGVC-Aircraft,Tu-154,CRJ-900,2.9
dinov2,FGVC-Aircraft,Tu-154,727-200,2.9
dinov2,FGVC-Aircraft,Spitfire,DC-3,2.9
dinov2,FGVC-Aircraft,Spitfire,C-47,2.9
dinov2,FGVC-Aircraft,Spitfire,A310,2.9
dinov2,FGVC-Aircraft,777-300,767-300,2.9
dinov2,FGVC-Aircraft,Metroliner,Saab 2000,2.9
dinov2,FGVC-Aircraft,Metroliner,Model B200,2.9
dinov2,FGVC-Aircraft,Metroliner,Gulfstream V,2.9
dinov2,FGVC-Aircraft,Metroliner,ERJ 135,2.9
dinov2,FGVC-Aircraft,Metroliner,EMB-120,2.9
dinov2,FGVC-Aircraft,Metroliner,Cessna 560,2.9
dinov2,FGVC-Aircraft,Metroliner,Beechcraft 1900,2.9
resnet18,DTD,studded,braided,2.5
resnet18,DTD,striped,zigzagged,2.5
resnet18,DTD,striped,woven,2.5
resnet18,DTD,striped,veined,2.5
resnet18,DTD,striped,smeared,2.5
resnet18,DTD,waffled,crosshatched,2.5
resnet18,DTD,veined,wrinkled,2.5
resnet18,DTD,veined,swirly,2.5
resnet18,DTD,veined,stratified,2.5
resnet18,DTD,veined,stained,2.5
resnet18,DTD,veined,smeared,2.5
resnet18,DTD,veined,meshed,2.5
resnet18,DTD,veined,blotchy,2.5
resnet18,DTD,swirly,polka-dotted,2.5
resnet18,DTD,woven,zigzagged,2.5
resnet18,DTD,woven,spiralled,2.5
resnet18,DTD,stratified,veined,2.5
resnet18,DTD,stratified,porous,2.5
resnet18,DTD,stratified,paisley,2.5
resnet18,DTD,stratified,frilly,2.5
resnet18,DTD,stained,swirly,2.5
resnet18,DTD,stained,spiralled,2.5
resnet18,DTD,studded,wrinkled,2.5
resnet18,DTD,studded,stained,2.5
resnet18,DTD,studded,sprinkled,2.5
resnet18,DTD,studded,interlaced,2.5
resnet18,DTD,studded,honeycombed,2.5
resnet18,DTD,smeared,matted,2.5
resnet18,DTD,smeared,marbled,2.5
resnet18,DTD,stained,scaly,2.5
resnet18,DTD,stained,crystalline,2.5
resnet18,DTD,stained,cracked,2.5
resnet18,DTD,sprinkled,spiralled,2.5
resnet18,DTD,sprinkled,perforated,2.5
resnet18,DTD,sprinkled,marbled,2.5
resnet18,DTD,sprinkled,knitted,2.5
resnet18,DTD,sprinkled,freckled,2.5
resnet18,DTD,sprinkled,flecked,2.5
resnet18,DTD,sprinkled,bumpy,2.5
resnet18,DTD,striped,interlaced,2.5
resnet18,DTD,striped,grooved,2.5
resnet18,DTD,striped,crosshatched,2.5
resnet18,DTD,scaly,flecked,2.5
resnet18,DTD,scaly,braided,2.5
resnet18,DTD,potholed,stained,2.5
resnet18,DTD,spiralled,veined,2.5
resnet18,DTD,spiralled,interlaced,2.5
resnet18,DTD,spiralled,fibrous,2.5
resnet18,DTD,spiralled,cracked,2.5
resnet18,DTD,spiralled,bumpy,2.5
resnet18,DTD,spiralled,blotchy,2.5
resnet18,DTD,smeared,paisley,2.5
resnet18,DTD,porous,perforated,2.5
resnet18,DTD,porous,interlaced,2.5
resnet18,DTD,porous,honeycombed,2.5
resnet18,DTD,porous,crystalline,2.5
resnet18,DTD,porous,cracked,2.5
resnet18,DTD,smeared,flecked,2.5
resnet18,DTD,smeared,bumpy,2.5
resnet18,DTD,smeared,braided,2.5
resnet18,DTD,scaly,swirly,2.5
resnet18,DTD,scaly,perforated,2.5
resnet18,DTD,scaly,meshed,2.5
resnet18,DTD,scaly,frilly,2.5
resnet18,DTD,pleated,knitted,2.5
resnet18,DTD,pleated,crystalline,2.5
resnet18,DTD,pleated,crosshatched,2.5
resnet18,DTD,potholed,porous,2.5
resnet18,DTD,potholed,cracked,2.5
resnet18,DTD,porous,wrinkled,2.5
resnet18,DTD,porous,waffled,2.5
resnet18,DTD,porous,stained,2.5
resnet18,DTD,porous,sprinkled,2.5
resnet18,DTD,porous,scaly,2.5
resnet18,DTD,porous,potholed,2.5
resnet18,DTD,pitted,perforated,2.5
resnet18,DTD,pitted,interlaced,2.5
resnet18,DTD,pitted,frilly,2.5
resnet18,DTD,pitted,crystalline,2.5
resnet18,DTD,perforated,studded,2.5
resnet18,DTD,perforated,porous,2.5
resnet18,DTD,perforated,polka-dotted,2.5
resnet18,DTD,porous,blotchy,2.5
resnet18,DTD,polka-dotted,studded,2.5
resnet18,DTD,polka-dotted,honeycombed,2.5
resnet18,DTD,pleated,wrinkled,2.5
resnet18,DTD,pleated,swirly,2.5
resnet18,DTD,pleated,spiralled,2.5
resnet18,DTD,pleated,scaly,2.5
resnet18,DTD,marbled,wrinkled,2.5
resnet18,DTD,banded,flecked,2.5
resnet18,DTD,banded,lined,2.5
resnet18,DTD,banded,porous,2.5
resnet18,DTD,perforated,meshed,2.5
resnet18,DTD,perforated,grooved,2.5
resnet18,DTD,perforated,bubbly,2.5
resnet18,DTD,paisley,dotted,2.5
resnet18,DTD,meshed,lined,2.5
resnet18,DTD,meshed,lacelike,2.5
resnet18,DTD,meshed,knitted,2.5
resnet18,DTD,meshed,interlaced,2.5
resnet18,DTD,pleated,blotchy,2.5
resnet18,DTD,pitted,woven,2.5
resnet18,DTD,pitted,stained,2.5
resnet18,DTD,pitted,sprinkled,2.5
resnet18,DTD,marbled,bumpy,2.5
resnet18,DTD,marbled,blotchy,2.5
resnet18,DTD,lined,swirly,2.5
resnet18,DTD,lined,pleated,2.5
resnet18,DTD,banded,striped,2.5
resnet18,DTD,blotchy,bubbly,2.5
resnet18,DTD,blotchy,flecked,2.5
resnet18,DTD,matted,wrinkled,2.5
resnet18,DTD,matted,woven,2.5
resnet18,DTD,matted,striped,2.5
resnet18,DTD,matted,scaly,2.5
resnet18,DTD,matted,knitted,2.5
resnet18,DTD,matted,interlaced,2.5
resnet18,DTD,matted,chequered,2.5
resnet18,DTD,matted,braided,2.5
resnet18,DTD,matted,blotchy,2.5
resnet18,DTD,lacelike,zigzagged,2.5
resnet18,DTD,lacelike,swirly,2.5
resnet18,DTD,lacelike,pitted,2.5
resnet18,DTD,lacelike,gauzy,2.5
resnet18,DTD,lacelike,flecked,2.5
resnet18,DTD,lacelike,dotted,2.5
resnet18,DTD,lacelike,cobwebbed,2.5
resnet18,DTD,lacelike,bumpy,2.5
resnet18,DTD,blotchy,grooved,2.5
resnet18,DTD,marbled,swirly,2.5
resnet18,DTD,marbled,sprinkled,2.5
resnet18,DTD,marbled,pitted,2.5
resnet18,DTD,marbled,matted,2.5
resnet18,DTD,marbled,interlaced,2.5
resnet18,DTD,marbled,cracked,2.5
resnet18,DTD,marbled,cobwebbed,2.5
resnet18,DTD,knitted,gauzy,2.5
resnet18,DTD,knitted,braided,2.5
resnet18,DTD,interlaced,striped,2.5
resnet18,DTD,interlaced,spiralled,2.5
resnet18,DTD,interlaced,scaly,2.5
resnet18,DTD,interlaced,paisley,2.5
resnet18,DTD,interlaced,meshed,2.5
resnet18,DTD,interlaced,knitted,2.5
resnet18,DTD,interlaced,chequered,2.5
resnet18,DTD,bubbly,swirly,2.5
resnet18,DTD,bubbly,bumpy,2.5
resnet18,DTD,bubbly,blotchy,2.5
resnet18,DTD,braided,wrinkled,2.5
resnet18,DTD,lined,meshed,2.5
resnet18,DTD,lined,crosshatched,2.5
resnet18,DTD,lined,cobwebbed,2.5
resnet18,DTD,honeycombed,frilly,2.5
resnet18,DTD,honeycombed,dotted,2.5
resnet18,DTD,honeycombed,bumpy,2.5
resnet18,DTD,grooved,waffled,2.5
resnet18,DTD,grooved,veined,2.5
resnet18,DTD,grooved,grid,2.5
resnet18,DTD,grooved,gauzy,2.5
resnet18,DTD,grooved,crosshatched,2.5
resnet18,DTD,grid,perforated,2.5
resnet18,DTD,braided,spiralled,2.5
resnet18,DTD,braided,scaly,2.5
resnet18,DTD,knitted,waffled,2.5
resnet18,DTD,knitted,scaly,2.5
resnet18,DTD,knitted,porous,2.5
resnet18,DTD,knitted,matted,2.5
resnet18,DTD,knitted,grooved,2.5
resnet18,DTD,braided,porous,2.5
resnet18,DTD,braided,honeycombed,2.5
resnet18,DTD,grid,knitted,2.5
resnet18,DTD,grid,honeycombed,2.5
resnet18,DTD,grid,crosshatched,2.5
resnet18,DTD,grid,bubbly,2.5
resnet18,DTD,gauzy,smeared,2.5
resnet18,DTD,gauzy,pleated,2.5
resnet18,DTD,gauzy,crystalline,2.5
resnet18,DTD,gauzy,braided,2.5
resnet18,DTD,frilly,woven,2.5
resnet18,DTD,frilly,veined,2.5
resnet18,DTD,honeycombed,spiralled,2.5
resnet18,DTD,honeycombed,scaly,2.5
resnet18,DTD,honeycombed,pleated,2.5
resnet18,DTD,honeycombed,grid,2.5
resnet18,DTD,frilly,pleated,2.5
resnet18,DTD,frilly,matted,2.5
resnet18,DTD,frilly,knitted,2.5
resnet18,DTD,frilly,crystalline,2.5
resnet18,DTD,frilly,bumpy,2.5
resnet18,DTD,freckled,veined,2.5
resnet18,DTD,freckled,sprinkled,2.5
resnet18,DTD,freckled,scaly,2.5
resnet18,DTD,freckled,matted,2.5
resnet18,DTD,freckled,flecked,2.5
resnet18,DTD,freckled,bubbly,2.5
resnet18,DTD,flecked,wrinkled,2.5
resnet18,DTD,braided,fibrous,2.5
resnet18,DTD,braided,chequered,2.5
resnet18,DTD,bumpy,matted,2.5
resnet18,DTD,bumpy,knitted,2.5
resnet18,DTD,flecked,spiralled,2.5
resnet18,DTD,flecked,scaly,2.5
resnet18,DTD,flecked,perforated,2.5
resnet18,DTD,flecked,knitted,2.5
resnet18,DTD,flecked,frilly,2.5
resnet18,DTD,flecked,dotted,2.5
resnet18,DTD,flecked,blotchy,2.5
resnet18,DTD,fibrous,veined,2.5
resnet18,DTD,fibrous,stained,2.5
resnet18,DTD,fibrous,marbled,2.5
resnet18,DTD,bumpy,frilly,2.5
resnet18,DTD,bumpy,flecked,2.5
resnet18,DTD,bumpy,cracked,2.5
resnet18,DTD,blotchy,pitted,2.5
resnet18,DTD,frilly,stained,2.5
resnet18,DTD,frilly,scaly,2.5
resnet18,DTD,cobwebbed,veined,2.5
resnet18,DTD,cobwebbed,stained,2.5
resnet18,DTD,blotchy,polka-dotted,2.5
resnet18,DTD,fibrous,gauzy,2.5
resnet18,DTD,fibrous,braided,2.5
resnet18,DTD,dotted,studded,2.5
resnet18,DTD,dotted,sprinkled,2.5
resnet18,DTD,dotted,perforated,2.5
resnet18,DTD,dotted,bumpy,2.5
resnet18,DTD,crystalline,marbled,2.5
resnet18,DTD,crosshatched,stratified,2.5
resnet18,DTD,crosshatched,meshed,2.5
resnet18,DTD,crosshatched,interlaced,2.5
resnet18,DTD,flecked,woven,2.5
resnet18,DTD,flecked,stained,2.5
resnet18,DTD,flecked,sprinkled,2.5
resnet18,DTD,chequered,lined,2.5
resnet18,DTD,chequered,gauzy,2.5
resnet18,DTD,chequered,crosshatched,2.5
resnet18,DTD,bumpy,veined,2.5
resnet18,DTD,bumpy,stratified,2.5
resnet18,DTD,bumpy,porous,2.5
resnet18,DTD,bumpy,polka-dotted,2.5
resnet18,DTD,bumpy,pleated,2.5
resnet18,DTD,crosshatched,cobwebbed,2.5
resnet18,DTD,crosshatched,bumpy,2.5
resnet18,DTD,cracked,stratified,2.5
resnet18,DTD,cracked,stained,2.5
resnet18,DTD,cracked,sprinkled,2.5
resnet18,DTD,cracked,scaly,2.5
resnet18,DTD,cracked,marbled,2.5
resnet18,DTD,cracked,crystalline,2.5
resnet18,DTD,blotchy,interlaced,2.5
resnet18,DTD,zigzagged,wrinkled,2.5
resnet18,DTD,zigzagged,swirly,2.5
resnet18,DTD,zigzagged,stained,2.5
resnet18,DTD,zigzagged,lacelike,2.5
resnet18,DTD,zigzagged,interlaced,2.5
resnet18,DTD,zigzagged,honeycombed,2.5
resnet18,DTD,wrinkled,stained,2.5
resnet18,DTD,wrinkled,spiralled,2.5
resnet18,DTD,wrinkled,smeared,2.5
resnet18,DTD,wrinkled,matted,2.5
resnet18,DTD,wrinkled,marbled,2.5
resnet18,DTD,wrinkled,gauzy,2.5
resnet18,DTD,wrinkled,frilly,2.5
resnet18,DTD,wrinkled,crystalline,2.5
resnet18,DTD,woven,interlaced,2.5
resnet18,DTD,chequered,perforated,2.5
resnet18,DTD,bubbly,polka-dotted,2.5
resnet18,DTD,bubbly,matted,2.5
resnet18,DTD,bubbly,dotted,2.5
resnet18,DTD,woven,grooved,2.5
resnet18,DTD,woven,flecked,2.5
resnet18,DTD,woven,dotted,2.5
resnet18,DTD,woven,crosshatched,2.5
resnet18,DTD,woven,chequered,2.5
resnet18,DTD,waffled,meshed,2.5
resnet18,DTD,waffled,grooved,2.5
resnet18,DTD,cobwebbed,marbled,2.5
resnet18,DTD,cobwebbed,interlaced,2.5
resnet18,DTD,cobwebbed,cracked,2.5
resnet18,DTD,chequered,woven,2.5
resnet18,DTD,bubbly,smeared,2.5
