dataset,width,height,aspect,min_side,mode
DTD,400,400,1.0,400,RGB
DTD,416,337,1.234,337,RGB
DTD,640,478,1.339,478,RGB
DTD,522,422,1.237,422,RGB
DTD,512,640,0.8,512,RGB
DTD,332,450,0.738,332,RGB
DTD,346,341,1.015,341,RGB
DTD,500,400,1.25,400,RGB
DTD,639,426,1.5,426,RGB
DTD,480,640,0.75,480,RGB
DTD,540,540,1.0,540,RGB
DTD,322,307,1.049,307,RGB
DTD,597,552,1.082,552,RGB
DTD,640,611,1.047,611,RGB
DTD,639,426,1.5,426,RGB
DTD,626,469,1.335,469,RGB
DTD,418,350,1.194,350,RGB
DTD,640,480,1.333,480,RGB
DTD,640,462,1.385,462,RGB
DTD,393,400,0.983,393,RGB
DTD,359,367,0.978,359,RGB
DTD,539,640,0.842,539,RGB
DTD,395,310,1.274,310,RGB
DTD,600,595,1.008,595,RGB
DTD,512,512,1.0,512,RGB
DTD,480,318,1.509,318,RGB
DTD,450,455,0.989,450,RGB
DTD,400,320,1.25,320,RGB
DTD,504,403,1.251,403,RGB
DTD,451,640,0.705,451,RGB
DTD,407,402,1.012,402,RGB
DTD,500,325,1.538,325,RGB
DTD,416,347,1.199,347,RGB
DTD,456,640,0.713,456,RGB
DTD,639,480,1.331,480,RGB
DTD,304,386,0.788,304,RGB
DTD,300,300,1.0,300,RGB
DTD,558,535,1.043,535,RGB
DTD,355,337,1.053,337,RGB
DTD,574,552,1.04,552,RGB
DTD,386,371,1.04,371,RGB
DTD,640,619,1.034,619,RGB
DTD,639,420,1.521,420,RGB
DTD,640,435,1.471,435,RGB
DTD,515,494,1.043,494,RGB
DTD,400,534,0.749,400,RGB
DTD,640,640,1.0,640,RGB
DTD,639,426,1.5,426,RGB
DTD,601,444,1.354,444,RGB
DTD,640,480,1.333,480,RGB
DTD,320,428,0.748,320,RGB
DTD,640,590,1.085,590,RGB
DTD,640,480,1.333,480,RGB
DTD,455,417,1.091,417,RGB
DTD,452,468,0.966,452,RGB
DTD,567,615,0.922,567,RGB
DTD,327,365,0.896,327,RGB
DTD,620,300,2.067,300,RGB
DTD,324,341,0.95,324,RGB
DTD,640,588,1.088,588,RGB
DTD,512,512,1.0,512,RGB
DTD,640,461,1.388,461,RGB
DTD,550,412,1.335,412,RGB
DTD,629,456,1.379,456,RGB
DTD,478,420,1.138,420,RGB
DTD,485,559,0.868,485,RGB
DTD,528,528,1.0,528,RGB
DTD,600,542,1.107,542,RGB
DTD,398,319,1.248,319,RGB
DTD,640,640,1.0,640,RGB
DTD,321,354,0.907,321,RGB
DTD,400,300,1.333,300,RGB
DTD,640,551,1.162,551,RGB
DTD,632,355,1.78,355,RGB
DTD,522,448,1.165,448,RGB
DTD,543,329,1.65,329,RGB
DTD,354,360,0.983,354,RGB
DTD,566,603,0.939,566,RGB
DTD,622,596,1.044,596,RGB
DTD,495,495,1.0,495,RGB
DTD,359,303,1.185,303,RGB
DTD,600,579,1.036,579,RGB
DTD,382,377,1.013,377,RGB
DTD,368,519,0.709,368,RGB
DTD,520,390,1.333,390,RGB
DTD,434,380,1.142,380,RGB
DTD,640,480,1.333,480,RGB
DTD,634,454,1.396,454,RGB
DTD,639,359,1.78,359,RGB
DTD,639,426,1.5,426,RGB
DTD,310,390,0.795,310,RGB
DTD,640,480,1.333,480,RGB
DTD,630,604,1.043,604,RGB
DTD,620,640,0.969,620,RGB
DTD,503,469,1.072,469,RGB
DTD,431,324,1.33,324,RGB
DTD,420,428,0.981,420,RGB
DTD,320,320,1.0,320,RGB
DTD,500,333,1.502,333,RGB
DTD,563,559,1.007,559,RGB
DTD,375,500,0.75,375,RGB
DTD,639,424,1.507,424,RGB
DTD,300,300,1.0,300,RGB
DTD,385,320,1.203,320,RGB
DTD,640,429,1.492,429,RGB
DTD,575,640,0.898,575,RGB
DTD,343,398,0.862,343,RGB
DTD,640,425,1.506,425,RGB
DTD,480,320,1.5,320,RGB
DTD,640,421,1.52,421,RGB
DTD,315,394,0.799,315,RGB
DTD,640,640,1.0,640,RGB
DTD,485,324,1.497,324,RGB
DTD,375,515,0.728,375,RGB
DTD,639,426,1.5,426,RGB
DTD,553,430,1.286,430,RGB
DTD,314,450,0.698,314,RGB
DTD,465,481,0.967,465,RGB
DTD,640,430,1.488,430,RGB
DTD,640,442,1.448,442,RGB
DTD,580,435,1.333,435,RGB
DTD,392,374,1.048,374,RGB
DTD,399,372,1.073,372,RGB
DTD,640,400,1.6,400,RGB
DTD,490,300,1.633,300,RGB
DTD,325,313,1.038,313,RGB
DTD,480,480,1.0,480,RGB
DTD,640,415,1.542,415,RGB
DTD,525,348,1.509,348,RGB
DTD,315,372,0.847,315,RGB
DTD,640,480,1.333,480,RGB
DTD,512,459,1.115,459,RGB
DTD,639,420,1.521,420,RGB
DTD,364,320,1.137,320,RGB
DTD,600,400,1.5,400,RGB
DTD,400,400,1.0,400,RGB
DTD,339,302,1.123,302,RGB
DTD,364,373,0.976,364,RGB
DTD,640,495,1.293,495,RGB
DTD,390,336,1.161,336,RGB
DTD,485,640,0.758,485,RGB
DTD,640,503,1.272,503,RGB
DTD,312,384,0.812,312,RGB
DTD,385,379,1.016,379,RGB
DTD,639,426,1.5,426,RGB
DTD,640,624,1.026,624,RGB
DTD,345,376,0.918,345,RGB
DTD,640,463,1.382,463,RGB
DTD,331,323,1.025,323,RGB
DTD,600,450,1.333,450,RGB
DTD,310,437,0.709,310,RGB
DTD,417,423,0.986,417,RGB
DTD,409,409,1.0,409,RGB
DTD,468,639,0.732,468,RGB
DTD,600,600,1.0,600,RGB
DTD,480,373,1.287,373,RGB
DTD,441,435,1.014,435,RGB
DTD,305,307,0.993,305,RGB
DTD,480,640,0.75,480,RGB
DTD,640,625,1.024,625,RGB
DTD,300,421,0.713,300,RGB
DTD,356,370,0.962,356,RGB
DTD,640,480,1.333,480,RGB
DTD,426,640,0.666,426,RGB
DTD,400,336,1.19,336,RGB
DTD,640,616,1.039,616,RGB
DTD,595,640,0.93,595,RGB
DTD,337,352,0.957,337,RGB
DTD,434,343,1.265,343,RGB
DTD,479,639,0.75,479,RGB
DTD,360,360,1.0,360,RGB
DTD,620,525,1.181,525,RGB
DTD,639,396,1.614,396,RGB
DTD,500,500,1.0,500,RGB
DTD,547,461,1.187,461,RGB
DTD,347,386,0.899,347,RGB
DTD,409,337,1.214,337,RGB
DTD,640,426,1.502,426,RGB
DTD,407,370,1.1,370,RGB
DTD,480,480,1.0,480,RGB
DTD,618,553,1.118,553,RGB
DTD,600,600,1.0,600,RGB
DTD,640,480,1.333,480,RGB
DTD,576,384,1.5,384,RGB
DTD,562,521,1.079,521,RGB
DTD,500,334,1.497,334,RGB
DTD,600,450,1.333,450,RGB
DTD,458,329,1.392,329,RGB
DTD,375,500,0.75,375,RGB
DTD,375,375,1.0,375,RGB
DTD,600,300,2.0,300,RGB
DTD,300,300,1.0,300,RGB
DTD,507,640,0.792,507,RGB
DTD,389,393,0.99,389,RGB
DTD,639,425,1.504,425,RGB
DTD,640,400,1.6,400,RGB
DTD,333,312,1.067,312,RGB
DTD,466,486,0.959,466,RGB
DTD,314,415,0.757,314,RGB
DTD,585,578,1.012,578,RGB
DTD,358,358,1.0,358,RGB
DTD,614,640,0.959,614,RGB
DTD,482,538,0.896,482,RGB
DTD,514,600,0.857,514,RGB
DTD,349,357,0.978,349,RGB
DTD,640,639,1.002,639,RGB
DTD,349,345,1.012,345,RGB
DTD,800,600,1.333,600,RGB
DTD,300,300,1.0,300,RGB
DTD,640,544,1.176,544,RGB
DTD,500,422,1.185,422,RGB
DTD,500,332,1.506,332,RGB
DTD,480,471,1.019,471,RGB
DTD,361,351,1.028,351,RGB
DTD,560,420,1.333,420,RGB
DTD,480,360,1.333,360,RGB
DTD,495,495,1.0,495,RGB
DTD,536,369,1.453,369,RGB
DTD,350,443,0.79,350,RGB
DTD,598,344,1.738,344,RGB
DTD,398,318,1.252,318,RGB
DTD,300,328,0.915,300,RGB
DTD,450,347,1.297,347,RGB
DTD,611,427,1.431,427,RGB
DTD,411,348,1.181,348,RGB
DTD,327,320,1.022,320,RGB
DTD,600,399,1.504,399,RGB
DTD,521,356,1.463,356,RGB
DTD,510,431,1.183,431,RGB
DTD,640,480,1.333,480,RGB
DTD,404,463,0.873,404,RGB
DTD,400,440,0.909,400,RGB
DTD,600,576,1.042,576,RGB
DTD,352,310,1.135,310,RGB
DTD,640,578,1.107,578,RGB
DTD,640,586,1.092,586,RGB
DTD,611,612,0.998,611,RGB
DTD,600,572,1.049,572,RGB
DTD,640,587,1.09,587,RGB
DTD,639,516,1.238,516,RGB
DTD,600,450,1.333,450,RGB
DTD,452,369,1.225,369,RGB
DTD,640,523,1.224,523,RGB
DTD,558,423,1.319,423,RGB
DTD,515,640,0.805,515,RGB
DTD,509,450,1.131,450,RGB
DTD,481,476,1.011,476,RGB
DTD,393,368,1.068,368,RGB
DTD,375,371,1.011,371,RGB
DTD,480,437,1.098,437,RGB
DTD,600,466,1.288,466,RGB
DTD,470,403,1.166,403,RGB
DTD,639,424,1.507,424,RGB
DTD,430,525,0.819,430,RGB
DTD,311,317,0.981,311,RGB
DTD,429,360,1.192,360,RGB
DTD,320,480,0.667,320,RGB
DTD,640,480,1.333,480,RGB
DTD,391,383,1.021,383,RGB
DTD,450,449,1.002,449,RGB
DTD,400,300,1.333,300,RGB
DTD,349,320,1.091,320,RGB
DTD,640,427,1.499,427,RGB
DTD,465,456,1.02,456,RGB
DTD,640,469,1.365,469,RGB
DTD,564,410,1.376,410,RGB
DTD,600,450,1.333,450,RGB
DTD,640,585,1.094,585,RGB
DTD,605,634,0.954,605,RGB
DTD,626,417,1.501,417,RGB
DTD,457,578,0.791,457,RGB
DTD,585,572,1.023,572,RGB
DTD,620,583,1.063,583,RGB
DTD,640,400,1.6,400,RGB
DTD,450,485,0.928,450,RGB
DTD,392,395,0.992,392,RGB
DTD,409,640,0.639,409,RGB
DTD,640,607,1.054,607,RGB
DTD,640,533,1.201,533,RGB
DTD,639,425,1.504,425,RGB
DTD,460,480,0.958,460,RGB
DTD,431,402,1.072,402,RGB
DTD,400,300,1.333,300,RGB
DTD,600,450,1.333,450,RGB
DTD,531,480,1.106,480,RGB
DTD,532,305,1.744,305,RGB
DTD,550,400,1.375,400,RGB
DTD,360,338,1.065,338,RGB
DTD,400,305,1.311,305,RGB
DTD,432,445,0.971,432,RGB
DTD,426,454,0.938,426,RGB
DTD,300,400,0.75,300,RGB
DTD,529,334,1.584,334,RGB
DTD,640,611,1.047,611,RGB
DTD,640,511,1.252,511,RGB
DTD,335,320,1.047,320,RGB
DTD,640,474,1.35,474,RGB
DTD,640,427,1.499,427,RGB
DTD,640,427,1.499,427,RGB
DTD,434,340,1.276,340,RGB
DTD,393,534,0.736,393,RGB
DTD,640,549,1.166,549,RGB
DTD,520,582,0.893,520,RGB
DTD,500,500,1.0,500,RGB
DTD,575,530,1.085,530,RGB
DTD,331,371,0.892,331,RGB
DTD,304,309,0.984,304,RGB
DTD,592,563,1.052,563,RGB
DTD,500,500,1.0,500,RGB
DTD,640,488,1.311,488,RGB
DTD,640,581,1.102,581,RGB
DTD,586,451,1.299,451,RGB
DTD,400,400,1.0,400,RGB
DTD,545,622,0.876,545,RGB
DTD,639,585,1.092,585,RGB
DTD,465,509,0.914,465,RGB
DTD,575,534,1.077,534,RGB
DTD,500,333,1.502,333,RGB
DTD,626,417,1.501,417,RGB
DTD,312,378,0.825,312,RGB
DTD,385,385,1.0,385,RGB
DTD,640,640,1.0,640,RGB
DTD,640,640,1.0,640,RGB
DTD,501,400,1.252,400,RGB
DTD,640,400,1.6,400,RGB
DTD,409,321,1.274,321,RGB
DTD,620,412,1.505,412,RGB
DTD,500,375,1.333,375,RGB
DTD,640,412,1.553,412,RGB
DTD,490,527,0.93,490,RGB
DTD,640,385,1.662,385,RGB
DTD,365,331,1.103,331,RGB
DTD,400,400,1.0,400,RGB
DTD,480,640,0.75,480,RGB
DTD,321,638,0.503,321,RGB
DTD,400,400,1.0,400,RGB
DTD,400,300,1.333,300,RGB
DTD,501,476,1.053,476,RGB
DTD,305,327,0.933,305,RGB
DTD,640,480,1.333,480,RGB
DTD,640,480,1.333,480,RGB
DTD,640,520,1.231,520,RGB
DTD,494,494,1.0,494,RGB
DTD,639,606,1.054,606,RGB
DTD,377,397,0.95,377,RGB
DTD,400,400,1.0,400,RGB
DTD,356,388,0.918,356,RGB
DTD,522,521,1.002,521,RGB
DTD,400,398,1.005,398,RGB
DTD,469,481,0.975,469,RGB
DTD,500,375,1.333,375,RGB
DTD,548,501,1.094,501,RGB
DTD,578,519,1.114,519,RGB
DTD,640,629,1.017,629,RGB
DTD,455,501,0.908,455,RGB
DTD,640,448,1.429,448,RGB
DTD,590,367,1.608,367,RGB
DTD,411,351,1.171,351,RGB
DTD,470,309,1.521,309,RGB
DTD,640,426,1.502,426,RGB
DTD,635,555,1.144,555,RGB
DTD,435,320,1.359,320,RGB
DTD,640,426,1.502,426,RGB
DTD,321,388,0.827,321,RGB
DTD,640,480,1.333,480,RGB
DTD,637,640,0.995,637,RGB
DTD,640,640,1.0,640,RGB
DTD,343,398,0.862,343,RGB
DTD,305,314,0.971,305,RGB
DTD,400,300,1.333,300,RGB
DTD,500,500,1.0,500,RGB
DTD,315,365,0.863,315,RGB
DTD,400,400,1.0,400,RGB
DTD,550,630,0.873,550,RGB
DTD,640,640,1.0,640,RGB
DTD,528,640,0.825,528,RGB
DTD,640,427,1.499,427,RGB
DTD,512,512,1.0,512,RGB
DTD,317,311,1.019,311,RGB
DTD,428,607,0.705,428,RGB
DTD,606,640,0.947,606,RGB
DTD,512,512,1.0,512,RGB
DTD,640,531,1.205,531,RGB
DTD,600,450,1.333,450,RGB
DTD,640,508,1.26,508,RGB
DTD,304,394,0.772,304,RGB
DTD,300,400,0.75,300,RGB
DTD,469,421,1.114,421,RGB
DTD,640,480,1.333,480,RGB
DTD,348,338,1.03,338,RGB
DTD,313,432,0.725,313,RGB
DTD,300,300,1.0,300,RGB
DTD,601,620,0.969,601,RGB
DTD,640,400,1.6,400,RGB
DTD,352,320,1.1,320,RGB
DTD,447,599,0.746,447,RGB
DTD,545,640,0.852,545,RGB
DTD,568,569,0.998,568,RGB
DTD,345,343,1.006,343,RGB
DTD,553,427,1.295,427,RGB
DTD,335,305,1.098,305,RGB
DTD,640,537,1.192,537,RGB
DTD,640,432,1.481,432,RGB
DTD,396,400,0.99,396,RGB
DTD,347,320,1.084,320,RGB
DTD,448,310,1.445,310,RGB
DTD,500,500,1.0,500,RGB
DTD,600,450,1.333,450,RGB
DTD,541,414,1.307,414,RGB
DTD,300,480,0.625,300,RGB
DTD,501,501,1.0,501,RGB
DTD,300,300,1.0,300,RGB
DTD,640,480,1.333,480,RGB
DTD,305,325,0.938,305,RGB
DTD,449,379,1.185,379,RGB
DTD,458,346,1.324,346,RGB
DTD,640,522,1.226,522,RGB
DTD,363,380,0.955,363,RGB
DTD,435,570,0.763,435,RGB
DTD,338,330,1.024,330,RGB
DTD,640,571,1.121,571,RGB
DTD,512,512,1.0,512,RGB
DTD,496,462,1.074,462,RGB
DTD,480,429,1.119,429,RGB
DTD,480,480,1.0,480,RGB
DTD,588,441,1.333,441,RGB
DTD,452,370,1.222,370,RGB
DTD,577,480,1.202,480,RGB
DTD,466,562,0.829,466,RGB
DTD,640,480,1.333,480,RGB
DTD,639,487,1.312,487,RGB
DTD,639,394,1.622,394,RGB
DTD,349,369,0.946,349,RGB
DTD,640,485,1.32,485,RGB
DTD,475,640,0.742,475,RGB
DTD,307,320,0.959,307,RGB
DTD,640,477,1.342,477,RGB
DTD,394,395,0.997,394,RGB
DTD,550,508,1.083,508,RGB
DTD,640,507,1.262,507,RGB
DTD,360,480,0.75,360,RGB
DTD,640,511,1.252,511,RGB
DTD,425,318,1.336,318,RGB
DTD,620,600,1.033,600,RGB
DTD,360,310,1.161,310,RGB
DTD,509,543,0.937,509,RGB
DTD,436,432,1.009,432,RGB
DTD,300,300,1.0,300,RGB
DTD,499,563,0.886,499,RGB
DTD,600,455,1.319,455,RGB
DTD,516,600,0.86,516,RGB
DTD,554,564,0.982,554,RGB
DTD,388,518,0.749,388,RGB
DTD,426,419,1.017,419,RGB
DTD,569,640,0.889,569,RGB
DTD,501,639,0.784,501,RGB
DTD,522,510,1.024,510,RGB
DTD,345,333,1.036,333,RGB
DTD,640,480,1.333,480,RGB
DTD,640,640,1.0,640,RGB
DTD,381,355,1.073,355,RGB
DTD,540,540,1.0,540,RGB
DTD,436,415,1.051,415,RGB
DTD,633,547,1.157,547,RGB
DTD,480,639,0.751,480,RGB
DTD,452,336,1.345,336,RGB
DTD,640,480,1.333,480,RGB
DTD,347,387,0.897,347,RGB
DTD,465,371,1.253,371,RGB
DTD,356,356,1.0,356,RGB
DTD,314,305,1.03,305,RGB
DTD,437,437,1.0,437,RGB
DTD,572,313,1.827,313,RGB
DTD,640,640,1.0,640,RGB
DTD,351,310,1.132,310,RGB
DTD,530,490,1.082,490,RGB
DTD,580,429,1.352,429,RGB
DTD,366,339,1.08,339,RGB
DTD,305,467,0.653,305,RGB
DTD,640,640,1.0,640,RGB
DTD,486,555,0.876,486,RGB
DTD,640,514,1.245,514,RGB
DTD,419,616,0.68,419,RGB
DTD,606,640,0.947,606,RGB
DTD,346,357,0.969,346,RGB
DTD,426,524,0.813,426,RGB
DTD,639,589,1.085,589,RGB
DTD,640,435,1.471,435,RGB
DTD,600,430,1.395,430,RGB
DTD,570,526,1.084,526,RGB
DTD,607,624,0.973,607,RGB
DTD,300,423,0.709,300,RGB
DTD,458,640,0.716,458,RGB
DTD,581,639,0.909,581,RGB
DTD,342,360,0.95,342,RGB
DTD,640,480,1.333,480,RGB
DTD,550,349,1.576,349,RGB
DTD,500,500,1.0,500,RGB
DTD,350,350,1.0,350,RGB
DTD,511,503,1.016,503,RGB
DTD,640,480,1.333,480,RGB
DTD,500,375,1.333,375,RGB
DTD,548,310,1.768,310,RGB
DTD,640,477,1.342,477,RGB
DTD,398,444,0.896,398,RGB
DTD,419,367,1.142,367,RGB
DTD,330,364,0.907,330,RGB
DTD,500,500,1.0,500,RGB
DTD,375,310,1.21,310,RGB
DTD,481,427,1.126,427,RGB
DTD,482,447,1.078,447,RGB
DTD,401,348,1.152,348,RGB
DTD,640,513,1.248,513,RGB
DTD,427,640,0.667,427,RGB
DTD,300,300,1.0,300,RGB
DTD,600,373,1.609,373,RGB
DTD,532,320,1.663,320,RGB
DTD,500,375,1.333,375,RGB
DTD,427,640,0.667,427,RGB
DTD,512,466,1.099,466,RGB
DTD,459,310,1.481,310,RGB
DTD,600,600,1.0,600,RGB
DTD,600,450,1.333,450,RGB
DTD,500,333,1.502,333,RGB
DTD,305,359,0.85,305,RGB
DTD,512,489,1.047,489,RGB
DTD,561,526,1.067,526,RGB
DTD,631,640,0.986,631,RGB
DTD,640,522,1.226,522,RGB
DTD,600,360,1.667,360,RGB
DTD,640,480,1.333,480,RGB
DTD,640,364,1.758,364,RGB
DTD,305,320,0.953,305,RGB
DTD,305,321,0.95,305,RGB
DTD,480,640,0.75,480,RGB
DTD,640,559,1.145,559,RGB
DTD,356,476,0.748,356,RGB
DTD,450,338,1.331,338,RGB
DTD,537,486,1.105,486,RGB
DTD,471,452,1.042,452,RGB
DTD,521,471,1.106,471,RGB
DTD,300,300,1.0,300,RGB
DTD,521,534,0.976,521,RGB
DTD,407,412,0.988,407,RGB
DTD,337,310,1.087,310,RGB
DTD,450,483,0.932,450,RGB
DTD,500,300,1.667,300,RGB
DTD,329,316,1.041,316,RGB
DTD,503,452,1.113,452,RGB
DTD,640,416,1.538,416,RGB
DTD,333,414,0.804,333,RGB
DTD,342,442,0.774,342,RGB
DTD,561,386,1.453,386,RGB
DTD,481,354,1.359,354,RGB
DTD,585,460,1.272,460,RGB
DTD,544,640,0.85,544,RGB
DTD,639,426,1.5,426,RGB
DTD,334,380,0.879,334,RGB
DTD,389,365,1.066,365,RGB
DTD,445,393,1.132,393,RGB
DTD,616,640,0.963,616,RGB
DTD,439,348,1.261,348,RGB
DTD,445,364,1.223,364,RGB
DTD,427,640,0.667,427,RGB
DTD,475,315,1.508,315,RGB
DTD,337,310,1.087,310,RGB
DTD,640,640,1.0,640,RGB
DTD,640,579,1.105,579,RGB
DTD,640,531,1.205,531,RGB
DTD,600,527,1.139,527,RGB
DTD,686,511,1.342,511,RGB
DTD,626,626,1.0,626,RGB
DTD,303,305,0.993,303,RGB
DTD,500,369,1.355,369,RGB
DTD,308,315,0.978,308,RGB
DTD,307,315,0.975,307,RGB
DTD,340,500,0.68,340,RGB
DTD,600,600,1.0,600,RGB
DTD,480,430,1.116,430,RGB
DTD,350,381,0.919,350,RGB
DTD,427,640,0.667,427,RGB
DTD,640,480,1.333,480,RGB
DTD,602,465,1.295,465,RGB
DTD,393,393,1.0,393,RGB
DTD,480,640,0.75,480,RGB
DTD,429,528,0.812,429,RGB
DTD,640,551,1.162,551,RGB
DTD,416,382,1.089,382,RGB
DTD,405,506,0.8,405,RGB
DTD,450,450,1.0,450,RGB
DTD,640,427,1.499,427,RGB
DTD,402,401,1.002,401,RGB
DTD,358,392,0.913,358,RGB
DTD,550,557,0.987,550,RGB
DTD,639,485,1.318,485,RGB
DTD,640,350,1.829,350,RGB
DTD,427,439,0.973,427,RGB
DTD,389,300,1.297,300,RGB
DTD,498,640,0.778,498,RGB
DTD,640,426,1.502,426,RGB
DTD,640,585,1.094,585,RGB
DTD,640,480,1.333,480,RGB
DTD,300,356,0.843,300,RGB
DTD,310,465,0.667,310,RGB
DTD,300,300,1.0,300,RGB
DTD,520,543,0.958,520,RGB
DTD,640,478,1.339,478,RGB
DTD,390,505,0.772,390,RGB
DTD,574,537,1.069,537,RGB
DTD,639,426,1.5,426,RGB
DTD,450,430,1.047,430,RGB
DTD,567,583,0.973,567,RGB
DTD,640,427,1.499,427,RGB
DTD,323,319,1.013,319,RGB
DTD,640,480,1.333,480,RGB
DTD,640,480,1.333,480,RGB
DTD,317,464,0.683,317,RGB
DTD,444,639,0.695,444,RGB
DTD,348,365,0.953,348,RGB
DTD,338,450,0.751,338,RGB
DTD,639,480,1.331,480,RGB
DTD,550,378,1.455,378,RGB
DTD,640,480,1.333,480,RGB
DTD,420,448,0.938,420,RGB
DTD,640,640,1.0,640,RGB
DTD,610,640,0.953,610,RGB
DTD,484,422,1.147,422,RGB
DTD,639,426,1.5,426,RGB
DTD,340,342,0.994,340,RGB
DTD,601,506,1.188,506,RGB
DTD,487,639,0.762,487,RGB
DTD,500,373,1.34,373,RGB
DTD,599,640,0.936,599,RGB
DTD,309,400,0.772,309,RGB
DTD,500,444,1.126,444,RGB
DTD,400,300,1.333,300,RGB
DTD,510,599,0.851,510,RGB
DTD,371,475,0.781,371,RGB
DTD,353,320,1.103,320,RGB
DTD,443,640,0.692,443,RGB
DTD,399,600,0.665,399,RGB
DTD,639,424,1.507,424,RGB
DTD,531,537,0.989,531,RGB
DTD,480,640,0.75,480,RGB
DTD,640,480,1.333,480,RGB
DTD,500,500,1.0,500,RGB
DTD,640,640,1.0,640,RGB
DTD,555,530,1.047,530,RGB
DTD,507,320,1.584,320,RGB
DTD,640,480,1.333,480,RGB
DTD,591,640,0.923,591,RGB
DTD,468,312,1.5,312,RGB
DTD,639,426,1.5,426,RGB
DTD,640,480,1.333,480,RGB
DTD,337,500,0.674,337,RGB
DTD,520,476,1.092,476,RGB
DTD,640,640,1.0,640,RGB
DTD,300,450,0.667,300,RGB
DTD,300,300,1.0,300,RGB
DTD,530,452,1.173,452,RGB
DTD,475,333,1.426,333,RGB
DTD,640,480,1.333,480,RGB
DTD,480,480,1.0,480,RGB
DTD,310,325,0.954,310,RGB
DTD,536,403,1.33,403,RGB
DTD,700,659,1.062,659,RGB
DTD,343,318,1.079,318,RGB
DTD,484,363,1.333,363,RGB
DTD,397,386,1.028,386,RGB
DTD,368,305,1.207,305,RGB
DTD,367,468,0.784,367,RGB
DTD,640,543,1.179,543,RGB
DTD,620,585,1.06,585,RGB
DTD,459,441,1.041,441,RGB
DTD,512,512,1.0,512,RGB
DTD,542,610,0.889,542,RGB
DTD,392,418,0.938,392,RGB
DTD,640,428,1.495,428,RGB
DTD,498,410,1.215,410,RGB
DTD,310,338,0.917,310,RGB
DTD,438,620,0.706,438,RGB
DTD,372,390,0.954,372,RGB
DTD,340,323,1.053,323,RGB
DTD,480,640,0.75,480,RGB
DTD,592,507,1.168,507,RGB
DTD,640,416,1.538,416,RGB
DTD,411,599,0.686,411,RGB
DTD,355,337,1.053,337,RGB
DTD,346,640,0.541,346,RGB
DTD,480,480,1.0,480,RGB
DTD,325,355,0.915,325,RGB
DTD,359,392,0.916,359,RGB
DTD,607,605,1.003,605,RGB
DTD,640,581,1.102,581,RGB
DTD,640,381,1.68,381,RGB
DTD,404,394,1.025,394,RGB
DTD,440,329,1.337,329,RGB
DTD,415,640,0.648,415,RGB
DTD,306,404,0.757,306,RGB
DTD,375,338,1.109,338,RGB
DTD,310,379,0.818,310,RGB
DTD,470,640,0.734,470,RGB
DTD,437,348,1.256,348,RGB
DTD,331,370,0.895,331,RGB
DTD,640,480,1.333,480,RGB
DTD,450,338,1.331,338,RGB
DTD,366,338,1.083,338,RGB
DTD,640,567,1.129,567,RGB
DTD,488,461,1.059,461,RGB
DTD,328,310,1.058,310,RGB
DTD,607,364,1.668,364,RGB
DTD,415,354,1.172,354,RGB
DTD,519,442,1.174,442,RGB
DTD,391,403,0.97,391,RGB
DTD,463,640,0.723,463,RGB
DTD,320,316,1.013,316,RGB
DTD,358,450,0.796,358,RGB
DTD,639,425,1.504,425,RGB
DTD,318,313,1.016,313,RGB
DTD,508,602,0.844,508,RGB
DTD,640,396,1.616,396,RGB
DTD,340,320,1.062,320,RGB
DTD,300,300,1.0,300,RGB
DTD,507,361,1.404,361,RGB
DTD,506,429,1.179,429,RGB
DTD,310,307,1.01,307,RGB
DTD,640,509,1.257,509,RGB
DTD,424,523,0.811,424,RGB
DTD,323,435,0.743,323,RGB
DTD,640,402,1.592,402,RGB
DTD,640,468,1.368,468,RGB
DTD,640,427,1.499,427,RGB
DTD,511,437,1.169,437,RGB
DTD,640,474,1.35,474,RGB
DTD,628,542,1.159,542,RGB
DTD,640,597,1.072,597,RGB
DTD,438,594,0.737,438,RGB
DTD,500,375,1.333,375,RGB
DTD,444,458,0.969,444,RGB
DTD,640,628,1.019,628,RGB
DTD,639,479,1.334,479,RGB
DTD,390,360,1.083,360,RGB
DTD,454,304,1.493,304,RGB
DTD,640,530,1.208,530,RGB
DTD,370,302,1.225,302,RGB
DTD,527,525,1.004,525,RGB
DTD,640,597,1.072,597,RGB
DTD,346,323,1.071,323,RGB
DTD,417,360,1.158,360,RGB
DTD,526,568,0.926,526,RGB
DTD,457,420,1.088,420,RGB
DTD,414,482,0.859,414,RGB
DTD,510,330,1.545,330,RGB
DTD,429,329,1.304,329,RGB
DTD,640,593,1.079,593,RGB
DTD,495,464,1.067,464,RGB
DTD,365,402,0.908,365,RGB
DTD,434,640,0.678,434,RGB
DTD,640,476,1.345,476,RGB
DTD,640,613,1.044,613,RGB
DTD,382,449,0.851,382,RGB
DTD,349,409,0.853,349,RGB
DTD,600,587,1.022,587,RGB
DTD,528,640,0.825,528,RGB
DTD,640,478,1.339,478,RGB
DTD,356,310,1.148,310,RGB
DTD,354,320,1.106,320,RGB
DTD,640,528,1.212,528,RGB
DTD,639,426,1.5,426,RGB
DTD,411,387,1.062,387,RGB
DTD,635,640,0.992,635,RGB
DTD,362,328,1.104,328,RGB
DTD,640,416,1.538,416,RGB
DTD,457,426,1.073,426,RGB
DTD,640,480,1.333,480,RGB
DTD,600,597,1.005,597,RGB
DTD,367,354,1.037,354,RGB
DTD,438,428,1.023,428,RGB
DTD,400,320,1.25,320,RGB
DTD,489,388,1.26,388,RGB
DTD,504,399,1.263,399,RGB
DTD,330,499,0.661,330,RGB
DTD,433,449,0.964,433,RGB
DTD,425,316,1.345,316,RGB
DTD,570,570,1.0,570,RGB
DTD,386,328,1.177,328,RGB
DTD,438,421,1.04,421,RGB
DTD,640,480,1.333,480,RGB
DTD,597,409,1.46,409,RGB
DTD,530,640,0.828,530,RGB
DTD,500,418,1.196,418,RGB
DTD,480,640,0.75,480,RGB
DTD,640,640,1.0,640,RGB
DTD,640,480,1.333,480,RGB
DTD,433,305,1.42,305,RGB
DTD,544,331,1.644,331,RGB
DTD,486,368,1.321,368,RGB
DTD,310,313,0.99,310,RGB
DTD,438,358,1.223,358,RGB
DTD,640,640,1.0,640,RGB
DTD,500,375,1.333,375,RGB
DTD,377,444,0.849,377,RGB
DTD,640,459,1.394,459,RGB
DTD,639,582,1.098,582,RGB
DTD,311,321,0.969,311,RGB
DTD,600,450,1.333,450,RGB
DTD,600,450,1.333,450,RGB
DTD,418,314,1.331,314,RGB
DTD,452,639,0.707,452,RGB
DTD,640,480,1.333,480,RGB
DTD,445,450,0.989,445,RGB
DTD,624,479,1.303,479,RGB
DTD,617,640,0.964,617,RGB
DTD,640,496,1.29,496,RGB
DTD,500,500,1.0,500,RGB
DTD,555,473,1.173,473,RGB
DTD,300,564,0.532,300,RGB
DTD,310,383,0.809,310,RGB
DTD,500,375,1.333,375,RGB
DTD,578,640,0.903,578,RGB
DTD,300,618,0.485,300,RGB
DTD,450,337,1.335,337,RGB
DTD,640,480,1.333,480,RGB
DTD,514,551,0.933,514,RGB
DTD,363,364,0.997,363,RGB
DTD,541,599,0.903,541,RGB
DTD,639,517,1.236,517,RGB
DTD,320,340,0.941,320,RGB
DTD,640,480,1.333,480,RGB
DTD,640,480,1.333,480,RGB
DTD,400,400,1.0,400,RGB
DTD,400,300,1.333,300,RGB
DTD,640,556,1.151,556,RGB
DTD,452,450,1.004,450,RGB
DTD,355,331,1.073,331,RGB
DTD,400,300,1.333,300,RGB
DTD,450,428,1.051,428,RGB
DTD,550,550,1.0,550,RGB
DTD,505,568,0.889,505,RGB
DTD,300,362,0.829,300,RGB
DTD,640,410,1.561,410,RGB
DTD,486,543,0.895,486,RGB
DTD,394,343,1.149,343,RGB
DTD,546,307,1.779,307,RGB
DTD,397,400,0.993,397,RGB
DTD,515,397,1.297,397,RGB
DTD,388,400,0.97,388,RGB
DTD,640,352,1.818,352,RGB
DTD,509,477,1.067,477,RGB
DTD,331,338,0.979,331,RGB
DTD,328,381,0.861,328,RGB
DTD,411,310,1.326,310,RGB
DTD,609,640,0.952,609,RGB
DTD,600,438,1.37,438,RGB
DTD,354,493,0.718,354,RGB
DTD,640,497,1.288,497,RGB
DTD,354,426,0.831,354,RGB
DTD,640,525,1.219,525,RGB
DTD,639,408,1.566,408,RGB
DTD,310,333,0.931,310,RGB
DTD,527,418,1.261,418,RGB
DTD,480,319,1.505,319,RGB
DTD,538,394,1.365,394,RGB
DTD,384,310,1.239,310,RGB
DTD,639,459,1.392,459,RGB
DTD,634,640,0.991,634,RGB
DTD,640,640,1.0,640,RGB
DTD,415,374,1.11,374,RGB
DTD,626,640,0.978,626,RGB
DTD,640,561,1.141,561,RGB
DTD,362,340,1.065,340,RGB
DTD,610,578,1.055,578,RGB
DTD,465,426,1.092,426,RGB
DTD,500,463,1.08,463,RGB
DTD,639,425,1.504,425,RGB
DTD,640,463,1.382,463,RGB
DTD,408,528,0.773,408,RGB
DTD,364,442,0.824,364,RGB
DTD,640,480,1.333,480,RGB
DTD,342,300,1.14,300,RGB
DTD,620,562,1.103,562,RGB
DTD,500,375,1.333,375,RGB
DTD,315,325,0.969,315,RGB
DTD,497,500,0.994,497,RGB
DTD,661,527,1.254,527,RGB
DTD,640,480,1.333,480,RGB
DTD,320,480,0.667,320,RGB
DTD,640,427,1.499,427,RGB
DTD,640,607,1.054,607,RGB
DTD,640,398,1.608,398,RGB
DTD,489,639,0.765,489,RGB
DTD,640,446,1.435,446,RGB
DTD,346,370,0.935,346,RGB
DTD,640,480,1.333,480,RGB
DTD,437,425,1.028,425,RGB
DTD,500,500,1.0,500,RGB
DTD,512,512,1.0,512,RGB
DTD,450,515,0.874,450,RGB
DTD,640,360,1.778,360,RGB
DTD,371,310,1.197,310,RGB
DTD,620,550,1.127,550,RGB
DTD,359,374,0.96,359,RGB
DTD,342,392,0.872,342,RGB
DTD,415,301,1.379,301,RGB
DTD,598,640,0.934,598,RGB
DTD,639,479,1.334,479,RGB
DTD,640,493,1.298,493,RGB
DTD,358,354,1.011,354,RGB
DTD,640,512,1.25,512,RGB
DTD,447,310,1.442,310,RGB
DTD,600,469,1.279,469,RGB
DTD,480,320,1.5,320,RGB
DTD,308,300,1.027,300,RGB
DTD,377,315,1.197,315,RGB
DTD,489,600,0.815,489,RGB
DTD,640,360,1.778,360,RGB
DTD,626,417,1.501,417,RGB
DTD,579,526,1.101,526,RGB
DTD,580,320,1.812,320,RGB
DTD,600,300,2.0,300,RGB
DTD,387,310,1.248,310,RGB
DTD,521,640,0.814,521,RGB
DTD,429,401,1.07,401,RGB
DTD,443,639,0.693,443,RGB
DTD,640,427,1.499,427,RGB
DTD,366,357,1.025,357,RGB
DTD,345,300,1.15,300,RGB
DTD,359,359,1.0,359,RGB
DTD,499,458,1.09,458,RGB
DTD,355,338,1.05,338,RGB
DTD,562,535,1.05,535,RGB
DTD,375,500,0.75,375,RGB
DTD,480,319,1.505,319,RGB
DTD,434,353,1.229,353,RGB
DTD,472,413,1.143,413,RGB
DTD,486,402,1.209,402,RGB
DTD,454,600,0.757,454,RGB
DTD,368,320,1.15,320,RGB
DTD,333,310,1.074,310,RGB
DTD,387,351,1.103,351,RGB
DTD,333,500,0.666,333,RGB
DTD,319,421,0.758,319,RGB
DTD,640,480,1.333,480,RGB
DTD,429,433,0.991,429,RGB
DTD,640,480,1.333,480,RGB
DTD,323,354,0.912,323,RGB
DTD,430,568,0.757,430,RGB
DTD,637,573,1.112,573,RGB
DTD,625,467,1.338,467,RGB
DTD,399,348,1.147,348,RGB
DTD,374,305,1.226,305,RGB
DTD,640,567,1.129,567,RGB
DTD,588,441,1.333,441,RGB
DTD,493,304,1.622,304,RGB
DTD,600,466,1.288,466,RGB
DTD,500,375,1.333,375,RGB
DTD,640,480,1.333,480,RGB
DTD,500,375,1.333,375,RGB
DTD,532,640,0.831,532,RGB
DTD,485,355,1.366,355,RGB
DTD,309,315,0.981,309,RGB
DTD,469,352,1.332,352,RGB
DTD,640,506,1.265,506,RGB
DTD,485,465,1.043,465,RGB
DTD,450,428,1.051,428,RGB
DTD,485,364,1.332,364,RGB
DTD,311,475,0.655,311,RGB
DTD,500,375,1.333,375,RGB
DTD,610,565,1.08,565,RGB
DTD,600,537,1.117,537,RGB
DTD,365,320,1.141,320,RGB
DTD,424,502,0.845,424,RGB
DTD,639,426,1.5,426,RGB
DTD,622,562,1.107,562,RGB
DTD,560,456,1.228,456,RGB
DTD,640,565,1.133,565,RGB
DTD,474,640,0.741,474,RGB
DTD,640,640,1.0,640,RGB
DTD,320,480,0.667,320,RGB
DTD,588,441,1.333,441,RGB
DTD,320,381,0.84,320,RGB
DTD,640,480,1.333,480,RGB
DTD,374,368,1.016,368,RGB
DTD,640,480,1.333,480,RGB
DTD,640,480,1.333,480,RGB
DTD,359,427,0.841,359,RGB
DTD,540,332,1.627,332,RGB
DTD,640,480,1.333,480,RGB
DTD,391,302,1.295,302,RGB
DTD,632,640,0.988,632,RGB
DTD,548,640,0.856,548,RGB
DTD,533,414,1.287,414,RGB
DTD,510,400,1.275,400,RGB
DTD,310,350,0.886,310,RGB
DTD,640,427,1.499,427,RGB
DTD,321,363,0.884,321,RGB
DTD,479,639,0.75,479,RGB
DTD,360,360,1.0,360,RGB
DTD,568,397,1.431,397,RGB
DTD,640,466,1.373,466,RGB
DTD,640,540,1.185,540,RGB
DTD,640,400,1.6,400,RGB
DTD,550,367,1.499,367,RGB
DTD,605,550,1.1,550,RGB
DTD,300,300,1.0,300,RGB
DTD,405,330,1.227,330,RGB
DTD,487,529,0.921,487,RGB
DTD,320,320,1.0,320,RGB
DTD,426,639,0.667,426,RGB
DTD,514,640,0.803,514,RGB
DTD,640,440,1.455,440,RGB
DTD,350,323,1.084,323,RGB
DTD,314,316,0.994,314,RGB
DTD,640,489,1.309,489,RGB
DTD,322,480,0.671,322,RGB
DTD,537,379,1.417,379,RGB
DTD,410,518,0.792,410,RGB
DTD,498,639,0.779,498,RGB
DTD,640,640,1.0,640,RGB
DTD,300,300,1.0,300,RGB
DTD,640,582,1.1,582,RGB
DTD,387,321,1.206,321,RGB
DTD,459,474,0.968,459,RGB
DTD,348,322,1.081,322,RGB
DTD,415,311,1.334,311,RGB
DTD,430,392,1.097,392,RGB
DTD,600,492,1.22,492,RGB
DTD,310,317,0.978,310,RGB
DTD,638,581,1.098,581,RGB
DTD,450,446,1.009,446,RGB
DTD,311,318,0.978,311,RGB
DTD,504,383,1.316,383,RGB
DTD,608,376,1.617,376,RGB
DTD,375,340,1.103,340,RGB
DTD,350,350,1.0,350,RGB
DTD,369,326,1.132,326,RGB
DTD,620,556,1.115,556,RGB
DTD,460,639,0.72,460,RGB
DTD,500,375,1.333,375,RGB
DTD,419,360,1.164,360,RGB
DTD,640,556,1.151,556,RGB
DTD,316,372,0.849,316,RGB
DTD,308,305,1.01,305,RGB
DTD,310,331,0.937,310,RGB
DTD,599,450,1.331,450,RGB
DTD,300,300,1.0,300,RGB
DTD,458,361,1.269,361,RGB
DTD,500,371,1.348,371,RGB
DTD,480,640,0.75,480,RGB
DTD,640,628,1.019,628,RGB
DTD,480,320,1.5,320,RGB
DTD,336,300,1.12,300,RGB
DTD,452,640,0.706,452,RGB
DTD,485,364,1.332,364,RGB
DTD,375,300,1.25,300,RGB
DTD,639,426,1.5,426,RGB
DTD,500,333,1.502,333,RGB
DTD,595,640,0.93,595,RGB
DTD,640,385,1.662,385,RGB
DTD,349,306,1.141,306,RGB
DTD,400,400,1.0,400,RGB
DTD,400,300,1.333,300,RGB
DTD,556,547,1.016,547,RGB
DTD,550,548,1.004,548,RGB
DTD,371,310,1.197,310,RGB
DTD,383,438,0.874,383,RGB
DTD,545,408,1.336,408,RGB
DTD,541,447,1.21,447,RGB
DTD,382,360,1.061,360,RGB
DTD,640,480,1.333,480,RGB
DTD,500,332,1.506,332,RGB
DTD,366,392,0.934,366,RGB
DTD,640,598,1.07,598,RGB
DTD,494,488,1.012,488,RGB
DTD,308,332,0.928,308,RGB
DTD,620,564,1.099,564,RGB
DTD,620,582,1.065,582,RGB
DTD,640,480,1.333,480,RGB
DTD,639,426,1.5,426,RGB
DTD,640,391,1.637,391,RGB
DTD,640,546,1.172,546,RGB
DTD,640,474,1.35,474,RGB
DTD,426,569,0.749,426,RGB
DTD,640,501,1.277,501,RGB
DTD,415,501,0.828,415,RGB
DTD,640,527,1.214,527,RGB
DTD,400,500,0.8,400,RGB
DTD,393,368,1.068,368,RGB
DTD,454,426,1.066,426,RGB
DTD,639,426,1.5,426,RGB
DTD,533,640,0.833,533,RGB
DTD,600,449,1.336,449,RGB
DTD,582,500,1.164,500,RGB
DTD,464,414,1.121,414,RGB
DTD,480,640,0.75,480,RGB
DTD,490,490,1.0,490,RGB
DTD,640,480,1.333,480,RGB
DTD,640,640,1.0,640,RGB
DTD,640,553,1.157,553,RGB
DTD,640,545,1.174,545,RGB
DTD,384,300,1.28,300,RGB
DTD,585,553,1.058,553,RGB
DTD,465,469,0.991,465,RGB
DTD,430,416,1.034,416,RGB
DTD,602,582,1.034,582,RGB
DTD,640,597,1.072,597,RGB
DTD,439,639,0.687,439,RGB
DTD,478,330,1.448,330,RGB
DTD,368,489,0.753,368,RGB
DTD,336,349,0.963,336,RGB
DTD,640,400,1.6,400,RGB
DTD,315,332,0.949,315,RGB
DTD,310,356,0.871,310,RGB
DTD,640,480,1.333,480,RGB
DTD,600,398,1.508,398,RGB
DTD,640,425,1.506,425,RGB
DTD,532,488,1.09,488,RGB
DTD,427,542,0.788,427,RGB
DTD,554,563,0.984,554,RGB
DTD,329,327,1.006,327,RGB
DTD,396,384,1.031,384,RGB
DTD,432,432,1.0,432,RGB
DTD,499,574,0.869,499,RGB
DTD,300,400,0.75,300,RGB
DTD,485,450,1.078,450,RGB
DTD,338,332,1.018,332,RGB
DTD,447,640,0.698,447,RGB
DTD,640,373,1.716,373,RGB
DTD,630,472,1.335,472,RGB
DTD,400,400,1.0,400,RGB
DTD,449,640,0.702,449,RGB
DTD,601,480,1.252,480,RGB
DTD,512,512,1.0,512,RGB
DTD,320,480,0.667,320,RGB
DTD,625,640,0.977,625,RGB
DTD,418,422,0.991,418,RGB
DTD,560,533,1.051,533,RGB
DTD,400,300,1.333,300,RGB
DTD,480,640,0.75,480,RGB
DTD,512,512,1.0,512,RGB
DTD,665,600,1.108,600,RGB
DTD,480,640,0.75,480,RGB
DTD,640,480,1.333,480,RGB
DTD,628,640,0.981,628,RGB
DTD,640,616,1.039,616,RGB
DTD,639,438,1.459,438,RGB
DTD,620,528,1.174,528,RGB
DTD,330,363,0.909,330,RGB
DTD,640,425,1.506,425,RGB
DTD,640,582,1.1,582,RGB
DTD,470,325,1.446,325,RGB
DTD,600,595,1.008,595,RGB
DTD,381,328,1.162,328,RGB
DTD,640,531,1.205,531,RGB
DTD,440,354,1.243,354,RGB
DTD,640,516,1.24,516,RGB
DTD,600,450,1.333,450,RGB
DTD,600,450,1.333,450,RGB
DTD,336,339,0.991,336,RGB
DTD,520,394,1.32,394,RGB
DTD,640,353,1.813,353,RGB
DTD,359,324,1.108,324,RGB
DTD,302,300,1.007,300,RGB
DTD,328,312,1.051,312,RGB
DTD,387,454,0.852,387,RGB
DTD,321,405,0.793,321,RGB
DTD,398,374,1.064,374,RGB
DTD,558,387,1.442,387,RGB
DTD,523,461,1.134,461,RGB
DTD,628,630,0.997,628,RGB
DTD,640,640,1.0,640,RGB
DTD,500,500,1.0,500,RGB
DTD,640,427,1.499,427,RGB
DTD,312,307,1.016,307,RGB
DTD,441,401,1.1,401,RGB
DTD,581,670,0.867,581,RGB
DTD,300,300,1.0,300,RGB
DTD,500,400,1.25,400,RGB
DTD,512,512,1.0,512,RGB
DTD,481,363,1.325,363,RGB
DTD,639,478,1.337,478,RGB
DTD,412,328,1.256,328,RGB
DTD,640,621,1.031,621,RGB
DTD,640,640,1.0,640,RGB
DTD,325,308,1.055,308,RGB
DTD,596,640,0.931,596,RGB
DTD,500,300,1.667,300,RGB
DTD,450,433,1.039,433,RGB
DTD,480,480,1.0,480,RGB
DTD,552,640,0.863,552,RGB
DTD,333,300,1.11,300,RGB
DTD,300,300,1.0,300,RGB
DTD,500,365,1.37,365,RGB
DTD,610,640,0.953,610,RGB
DTD,360,480,0.75,360,RGB
DTD,640,494,1.296,494,RGB
DTD,640,513,1.248,513,RGB
DTD,533,400,1.333,400,RGB
DTD,640,640,1.0,640,RGB
DTD,320,383,0.836,320,RGB
DTD,630,350,1.8,350,RGB
DTD,433,480,0.902,433,RGB
DTD,640,480,1.333,480,RGB
DTD,450,600,0.75,450,RGB
DTD,587,305,1.925,305,RGB
DTD,639,404,1.582,404,RGB
DTD,640,579,1.105,579,RGB
DTD,393,390,1.008,390,RGB
DTD,322,525,0.613,322,RGB
DTD,464,639,0.726,464,RGB
DTD,385,432,0.891,385,RGB
DTD,480,489,0.982,480,RGB
DTD,640,427,1.499,427,RGB
DTD,438,501,0.874,438,RGB
DTD,300,300,1.0,300,RGB
DTD,640,425,1.506,425,RGB
DTD,357,338,1.056,338,RGB
DTD,400,300,1.333,300,RGB
DTD,566,418,1.354,418,RGB
DTD,490,423,1.158,423,RGB
DTD,527,427,1.234,427,RGB
DTD,307,441,0.696,307,RGB
DTD,320,441,0.726,320,RGB
DTD,342,364,0.94,342,RGB
DTD,640,400,1.6,400,RGB
DTD,460,313,1.47,313,RGB
DTD,623,432,1.442,432,RGB
DTD,480,333,1.441,333,RGB
DTD,639,412,1.551,412,RGB
DTD,412,367,1.123,367,RGB
DTD,310,321,0.966,310,RGB
DTD,543,469,1.158,469,RGB
DTD,442,500,0.884,442,RGB
DTD,381,348,1.095,348,RGB
DTD,344,366,0.94,344,RGB
DTD,640,517,1.238,517,RGB
DTD,399,427,0.934,399,RGB
DTD,341,349,0.977,341,RGB
DTD,420,336,1.25,336,RGB
DTD,387,310,1.248,310,RGB
DTD,493,365,1.351,365,RGB
DTD,456,398,1.146,398,RGB
DTD,545,524,1.04,524,RGB
DTD,360,360,1.0,360,RGB
DTD,300,339,0.885,300,RGB
DTD,639,426,1.5,426,RGB
DTD,640,480,1.333,480,RGB
DTD,300,300,1.0,300,RGB
DTD,407,307,1.326,307,RGB
DTD,545,557,0.978,545,RGB
DTD,505,473,1.068,473,RGB
DTD,356,300,1.187,300,RGB
DTD,550,446,1.233,446,RGB
DTD,352,312,1.128,312,RGB
DTD,512,512,1.0,512,RGB
DTD,358,305,1.174,305,RGB
DTD,620,413,1.501,413,RGB
DTD,396,345,1.148,345,RGB
DTD,491,432,1.137,432,RGB
DTD,449,301,1.492,301,RGB
DTD,405,364,1.113,364,RGB
DTD,485,637,0.761,485,RGB
DTD,600,450,1.333,450,RGB
DTD,600,400,1.5,400,RGB
DTD,500,383,1.305,383,RGB
DTD,639,462,1.383,462,RGB
DTD,620,460,1.348,460,RGB
DTD,548,463,1.184,463,RGB
DTD,357,420,0.85,357,RGB
DTD,301,335,0.899,301,RGB
DTD,640,498,1.285,498,RGB
DTD,369,640,0.577,369,RGB
DTD,355,473,0.751,355,RGB
DTD,496,496,1.0,496,RGB
DTD,320,360,0.889,320,RGB
DTD,634,640,0.991,634,RGB
DTD,344,300,1.147,300,RGB
DTD,338,362,0.934,338,RGB
DTD,477,639,0.746,477,RGB
DTD,539,640,0.842,539,RGB
DTD,485,440,1.102,440,RGB
DTD,639,346,1.847,346,RGB
DTD,543,600,0.905,543,RGB
DTD,640,408,1.569,408,RGB
DTD,400,300,1.333,300,RGB
DTD,640,480,1.333,480,RGB
DTD,500,363,1.377,363,RGB
DTD,635,473,1.342,473,RGB
DTD,394,400,0.985,394,RGB
DTD,640,573,1.117,573,RGB
DTD,300,300,1.0,300,RGB
DTD,640,535,1.196,535,RGB
DTD,500,499,1.002,499,RGB
DTD,548,640,0.856,548,RGB
DTD,305,328,0.93,305,RGB
DTD,480,480,1.0,480,RGB
DTD,403,404,0.998,403,RGB
DTD,639,426,1.5,426,RGB
DTD,640,637,1.005,637,RGB
DTD,462,468,0.987,462,RGB
DTD,320,320,1.0,320,RGB
DTD,640,480,1.333,480,RGB
DTD,578,419,1.379,419,RGB
DTD,495,471,1.051,471,RGB
DTD,314,420,0.748,314,RGB
DTD,350,350,1.0,350,RGB
DTD,405,406,0.998,405,RGB
DTD,400,300,1.333,300,RGB
DTD,562,531,1.058,531,RGB
DTD,450,466,0.966,450,RGB
DTD,639,478,1.337,478,RGB
DTD,640,559,1.145,559,RGB
DTD,600,600,1.0,600,RGB
DTD,640,640,1.0,640,RGB
DTD,640,428,1.495,428,RGB
DTD,640,340,1.882,340,RGB
DTD,639,426,1.5,426,RGB
DTD,375,500,0.75,375,RGB
DTD,345,338,1.021,338,RGB
DTD,500,453,1.104,453,RGB
DTD,499,479,1.042,479,RGB
DTD,310,470,0.66,310,RGB
DTD,480,320,1.5,320,RGB
DTD,500,427,1.171,427,RGB
DTD,640,480,1.333,480,RGB
DTD,640,519,1.233,519,RGB
DTD,480,360,1.333,360,RGB
DTD,588,441,1.333,441,RGB
DTD,640,429,1.492,429,RGB
DTD,640,464,1.379,464,RGB
DTD,600,450,1.333,450,RGB
DTD,387,316,1.225,316,RGB
DTD,591,559,1.057,559,RGB
DTD,629,640,0.983,629,RGB
DTD,418,454,0.921,418,RGB
DTD,523,512,1.021,512,RGB
DTD,430,471,0.913,430,RGB
DTD,640,640,1.0,640,RGB
DTD,495,346,1.431,346,RGB
DTD,394,608,0.648,394,RGB
DTD,403,550,0.733,403,RGB
DTD,420,427,0.984,420,RGB
DTD,399,316,1.263,316,RGB
DTD,500,333,1.502,333,RGB
DTD,355,355,1.0,355,RGB
DTD,331,325,1.018,325,RGB
DTD,334,416,0.803,334,RGB
DTD,478,420,1.138,420,RGB
DTD,370,420,0.881,370,RGB
DTD,334,329,1.015,329,RGB
DTD,401,363,1.105,363,RGB
DTD,600,414,1.449,414,RGB
DTD,487,454,1.073,454,RGB
DTD,450,450,1.0,450,RGB
DTD,600,450,1.333,450,RGB
DTD,511,639,0.8,511,RGB
DTD,600,400,1.5,400,RGB
DTD,640,480,1.333,480,RGB
DTD,304,311,0.977,304,RGB
DTD,639,460,1.389,460,RGB
DTD,325,347,0.937,325,RGB
DTD,435,506,0.86,435,RGB
DTD,570,570,1.0,570,RGB
DTD,320,323,0.991,320,RGB
DTD,581,511,1.137,511,RGB
DTD,640,400,1.6,400,RGB
DTD,640,407,1.572,407,RGB
DTD,640,516,1.24,516,RGB
DTD,433,640,0.677,433,RGB
DTD,640,540,1.185,540,RGB
DTD,596,591,1.008,591,RGB
DTD,310,300,1.033,300,RGB
DTD,640,621,1.031,621,RGB
DTD,468,310,1.51,310,RGB
DTD,417,422,0.988,417,RGB
DTD,640,480,1.333,480,RGB
DTD,440,414,1.063,414,RGB
DTD,635,537,1.182,537,RGB
DTD,439,421,1.043,421,RGB
DTD,640,423,1.513,423,RGB
DTD,600,401,1.496,401,RGB
DTD,640,640,1.0,640,RGB
DTD,470,588,0.799,470,RGB
DTD,425,639,0.665,425,RGB
DTD,512,529,0.968,512,RGB
DTD,459,367,1.251,367,RGB
DTD,440,440,1.0,440,RGB
DTD,470,485,0.969,470,RGB
DTD,640,537,1.192,537,RGB
DTD,640,480,1.333,480,RGB
DTD,400,343,1.166,343,RGB
DTD,396,385,1.029,385,RGB
DTD,640,445,1.438,445,RGB
DTD,613,639,0.959,613,RGB
DTD,376,416,0.904,376,RGB
DTD,475,317,1.498,317,RGB
DTD,410,423,0.969,410,RGB
DTD,368,534,0.689,368,RGB
DTD,335,364,0.92,335,RGB
DTD,639,426,1.5,426,RGB
DTD,367,306,1.199,306,RGB
DTD,639,426,1.5,426,RGB
DTD,497,639,0.778,497,RGB
DTD,465,447,1.04,447,RGB
DTD,441,352,1.253,352,RGB
DTD,500,375,1.333,375,RGB
DTD,400,500,0.8,400,RGB
DTD,640,519,1.233,519,RGB
DTD,640,535,1.196,535,RGB
DTD,600,450,1.333,450,RGB
DTD,494,429,1.152,429,RGB
DTD,310,312,0.994,310,RGB
DTD,360,360,1.0,360,RGB
DTD,504,461,1.093,461,RGB
DTD,547,502,1.09,502,RGB
DTD,640,640,1.0,640,RGB
DTD,413,388,1.064,388,RGB
DTD,441,474,0.93,441,RGB
DTD,388,392,0.99,388,RGB
DTD,371,391,0.949,371,RGB
DTD,320,480,0.667,320,RGB
DTD,600,450,1.333,450,RGB
DTD,500,375,1.333,375,RGB
DTD,640,635,1.008,635,RGB
DTD,640,483,1.325,483,RGB
DTD,640,480,1.333,480,RGB
DTD,640,480,1.333,480,RGB
DTD,500,500,1.0,500,RGB
DTD,639,426,1.5,426,RGB
DTD,640,459,1.394,459,RGB
DTD,429,640,0.67,429,RGB
DTD,349,363,0.961,349,RGB
DTD,592,626,0.946,592,RGB
DTD,640,621,1.031,621,RGB
DTD,472,639,0.739,472,RGB
DTD,561,611,0.918,561,RGB
DTD,518,449,1.154,449,RGB
DTD,383,360,1.064,360,RGB
DTD,373,387,0.964,373,RGB
DTD,400,359,1.114,359,RGB
DTD,370,391,0.946,370,RGB
DTD,640,502,1.275,502,RGB
DTD,639,527,1.213,527,RGB
DTD,366,488,0.75,366,RGB
DTD,369,320,1.153,320,RGB
DTD,500,333,1.502,333,RGB
DTD,404,375,1.077,375,RGB
DTD,600,530,1.132,530,RGB
DTD,450,450,1.0,450,RGB
DTD,620,608,1.02,608,RGB
DTD,480,640,0.75,480,RGB
DTD,395,395,1.0,395,RGB
DTD,640,606,1.056,606,RGB
DTD,420,469,0.896,420,RGB
DTD,500,375,1.333,375,RGB
DTD,345,390,0.885,345,RGB
DTD,481,373,1.29,373,RGB
DTD,320,338,0.947,320,RGB
DTD,639,426,1.5,426,RGB
DTD,420,416,1.01,416,RGB
DTD,449,452,0.993,449,RGB
DTD,600,360,1.667,360,RGB
DTD,640,596,1.074,596,RGB
DTD,639,426,1.5,426,RGB
DTD,400,476,0.84,400,RGB
DTD,364,363,1.003,363,RGB
DTD,445,435,1.023,435,RGB
DTD,516,499,1.034,499,RGB
DTD,500,358,1.397,358,RGB
DTD,481,394,1.221,394,RGB
DTD,563,450,1.251,450,RGB
DTD,638,574,1.111,574,RGB
DTD,640,480,1.333,480,RGB
DTD,394,363,1.085,363,RGB
DTD,569,640,0.889,569,RGB
DTD,375,403,0.931,375,RGB
DTD,344,349,0.986,344,RGB
DTD,517,515,1.004,515,RGB
DTD,640,480,1.333,480,RGB
DTD,639,425,1.504,425,RGB
DTD,409,366,1.117,366,RGB
DTD,450,338,1.331,338,RGB
DTD,401,418,0.959,401,RGB
DTD,359,392,0.916,359,RGB
DTD,341,348,0.98,341,RGB
DTD,511,546,0.936,511,RGB
DTD,639,424,1.507,424,RGB
DTD,640,569,1.125,569,RGB
DTD,565,568,0.995,565,RGB
DTD,640,635,1.008,635,RGB
DTD,640,480,1.333,480,RGB
DTD,318,308,1.032,308,RGB
DTD,432,432,1.0,432,RGB
DTD,440,440,1.0,440,RGB
DTD,467,501,0.932,467,RGB
DTD,400,300,1.333,300,RGB
DTD,340,337,1.009,337,RGB
DTD,303,311,0.974,303,RGB
DTD,639,425,1.504,425,RGB
DTD,480,640,0.75,480,RGB
FGVC-Aircraft,1024,695,1.473,695,RGB
FGVC-Aircraft,1200,822,1.46,822,RGB
FGVC-Aircraft,1024,746,1.373,746,RGB
FGVC-Aircraft,1024,709,1.444,709,RGB
FGVC-Aircraft,1024,694,1.476,694,RGB
FGVC-Aircraft,1200,812,1.478,812,RGB
FGVC-Aircraft,1002,680,1.474,680,RGB
FGVC-Aircraft,1024,709,1.444,709,RGB
FGVC-Aircraft,1024,695,1.473,695,RGB
FGVC-Aircraft,1024,697,1.469,697,RGB
FGVC-Aircraft,1024,688,1.488,688,RGB
FGVC-Aircraft,1000,679,1.473,679,RGB
FGVC-Aircraft,1024,695,1.473,695,RGB
FGVC-Aircraft,1200,812,1.478,812,RGB
FGVC-Aircraft,1050,738,1.423,738,RGB
FGVC-Aircraft,1000,678,1.475,678,RGB
FGVC-Aircraft,1050,745,1.409,745,RGB
FGVC-Aircraft,1024,695,1.473,695,RGB
FGVC-Aircraft,1024,695,1.473,695,RGB
FGVC-Aircraft,1024,696,1.471,696,RGB
FGVC-Aircraft,1280,882,1.451,882,RGB
FGVC-Aircraft,1250,884,1.414,884,RGB
FGVC-Aircraft,1000,678,1.475,678,RGB
FGVC-Aircraft,800,481,1.663,481,RGB
FGVC-Aircraft,1200,812,1.478,812,RGB
FGVC-Aircraft,1050,742,1.415,742,RGB
FGVC-Aircraft,1024,705,1.452,705,RGB
FGVC-Aircraft,1200,794,1.511,794,RGB
FGVC-Aircraft,1000,678,1.475,678,RGB
FGVC-Aircraft,1200,814,1.474,814,RGB
FGVC-Aircraft,1000,678,1.475,678,RGB
FGVC-Aircraft,1200,812,1.478,812,RGB
FGVC-Aircraft,1024,695,1.473,695,RGB
FGVC-Aircraft,1050,731,1.436,731,RGB
FGVC-Aircraft,1024,703,1.457,703,RGB
FGVC-Aircraft,1024,695,1.473,695,RGB
FGVC-Aircraft,1024,695,1.473,695,RGB
FGVC-Aircraft,1550,1046,1.482,1046,RGB
FGVC-Aircraft,1200,812,1.478,812,RGB
FGVC-Aircraft,1200,812,1.478,812,RGB
FGVC-Aircraft,1000,678,1.475,678,RGB
FGVC-Aircraft,1500,1012,1.482,1012,RGB
FGVC-Aircraft,1600,1079,1.483,1079,RGB
FGVC-Aircraft,1024,704,1.455,704,RGB
FGVC-Aircraft,1024,703,1.457,703,RGB
FGVC-Aircraft,1024,696,1.471,696,RGB
FGVC-Aircraft,1024,695,1.473,695,RGB
FGVC-Aircraft,800,511,1.566,511,RGB
FGVC-Aircraft,1550,1045,1.483,1045,RGB
FGVC-Aircraft,1000,679,1.473,679,RGB
FGVC-Aircraft,1024,757,1.353,757,RGB
FGVC-Aircraft,1024,695,1.473,695,RGB
FGVC-Aircraft,1000,678,1.475,678,RGB
FGVC-Aircraft,1300,883,1.472,883,RGB
FGVC-Aircraft,1024,741,1.382,741,RGB
FGVC-Aircraft,1000,678,1.475,678,RGB
FGVC-Aircraft,1000,678,1.475,678,RGB
FGVC-Aircraft,1024,695,1.473,695,RGB
FGVC-Aircraft,1050,755,1.391,755,RGB
FGVC-Aircraft,1050,726,1.446,726,RGB
FGVC-Aircraft,1280,886,1.445,886,RGB
FGVC-Aircraft,1500,1012,1.482,1012,RGB
FGVC-Aircraft,1024,695,1.473,695,RGB
FGVC-Aircraft,1200,812,1.478,812,RGB
FGVC-Aircraft,971,740,1.312,740,RGB
FGVC-Aircraft,1024,704,1.455,704,RGB
FGVC-Aircraft,1024,695,1.473,695,RGB
FGVC-Aircraft,1024,707,1.448,707,RGB
FGVC-Aircraft,1200,812,1.478,812,RGB
FGVC-Aircraft,1200,824,1.456,824,RGB
FGVC-Aircraft,1024,695,1.473,695,RGB
FGVC-Aircraft,800,512,1.562,512,RGB
FGVC-Aircraft,1200,812,1.478,812,RGB
FGVC-Aircraft,1000,678,1.475,678,RGB
FGVC-Aircraft,1024,735,1.393,735,RGB
FGVC-Aircraft,1485,1002,1.482,1002,RGB
FGVC-Aircraft,1024,701,1.461,701,RGB
FGVC-Aircraft,1024,694,1.476,694,RGB
FGVC-Aircraft,1024,695,1.473,695,RGB
FGVC-Aircraft,1024,695,1.473,695,RGB
FGVC-Aircraft,1024,696,1.471,696,RGB
FGVC-Aircraft,1200,812,1.478,812,RGB
FGVC-Aircraft,1191,635,1.876,635,RGB
FGVC-Aircraft,1024,694,1.476,694,RGB
FGVC-Aircraft,1024,699,1.465,699,RGB
FGVC-Aircraft,1575,1062,1.483,1062,RGB
FGVC-Aircraft,1024,695,1.473,695,RGB
FGVC-Aircraft,1024,711,1.44,711,RGB
FGVC-Aircraft,1024,666,1.538,666,RGB
FGVC-Aircraft,1024,715,1.432,715,RGB
FGVC-Aircraft,1000,678,1.475,678,RGB
FGVC-Aircraft,1024,696,1.471,696,RGB
FGVC-Aircraft,1280,882,1.451,882,RGB
FGVC-Aircraft,1024,694,1.476,694,RGB
FGVC-Aircraft,1000,678,1.475,678,RGB
FGVC-Aircraft,1024,695,1.473,695,RGB
FGVC-Aircraft,1490,1005,1.483,1005,RGB
FGVC-Aircraft,900,628,1.433,628,RGB
FGVC-Aircraft,1600,1079,1.483,1079,RGB
FGVC-Aircraft,1000,678,1.475,678,RGB
FGVC-Aircraft,1024,694,1.476,694,RGB
FGVC-Aircraft,1000,678,1.475,678,RGB
FGVC-Aircraft,1024,694,1.476,694,RGB
FGVC-Aircraft,1050,756,1.389,756,RGB
FGVC-Aircraft,1200,832,1.442,832,RGB
FGVC-Aircraft,1024,694,1.476,694,RGB
FGVC-Aircraft,1024,695,1.473,695,RGB
FGVC-Aircraft,1000,679,1.473,679,RGB
FGVC-Aircraft,1565,1055,1.483,1055,RGB
FGVC-Aircraft,1600,1079,1.483,1079,RGB
FGVC-Aircraft,1024,696,1.471,696,RGB
FGVC-Aircraft,1200,812,1.478,812,RGB
FGVC-Aircraft,1024,697,1.469,697,RGB
FGVC-Aircraft,1024,695,1.473,695,RGB
FGVC-Aircraft,1050,751,1.398,751,RGB
FGVC-Aircraft,1024,695,1.473,695,RGB
FGVC-Aircraft,1024,695,1.473,695,RGB
FGVC-Aircraft,1200,812,1.478,812,RGB
FGVC-Aircraft,1280,882,1.451,882,RGB
FGVC-Aircraft,1200,822,1.46,822,RGB
FGVC-Aircraft,1200,832,1.442,832,RGB
FGVC-Aircraft,1024,695,1.473,695,RGB
FGVC-Aircraft,1024,695,1.473,695,RGB
FGVC-Aircraft,1024,695,1.473,695,RGB
FGVC-Aircraft,1024,696,1.471,696,RGB
FGVC-Aircraft,1024,685,1.495,685,RGB
FGVC-Aircraft,1024,695,1.473,695,RGB
FGVC-Aircraft,1000,678,1.475,678,RGB
FGVC-Aircraft,1000,679,1.473,679,RGB
FGVC-Aircraft,1024,745,1.374,745,RGB
FGVC-Aircraft,1024,695,1.473,695,RGB
FGVC-Aircraft,1000,678,1.475,678,RGB
FGVC-Aircraft,1250,890,1.404,890,RGB
FGVC-Aircraft,1000,678,1.475,678,RGB
FGVC-Aircraft,1200,812,1.478,812,RGB
FGVC-Aircraft,1100,745,1.477,745,RGB
FGVC-Aircraft,1024,780,1.313,780,RGB
FGVC-Aircraft,1024,707,1.448,707,RGB
FGVC-Aircraft,1024,717,1.428,717,RGB
FGVC-Aircraft,1050,772,1.36,772,RGB
FGVC-Aircraft,1100,745,1.477,745,RGB
FGVC-Aircraft,1000,678,1.475,678,RGB
FGVC-Aircraft,1024,726,1.41,726,RGB
FGVC-Aircraft,1200,822,1.46,822,RGB
FGVC-Aircraft,1000,679,1.473,679,RGB
FGVC-Aircraft,1024,695,1.473,695,RGB
FGVC-Aircraft,1024,695,1.473,695,RGB
FGVC-Aircraft,1024,700,1.463,700,RGB
FGVC-Aircraft,1024,767,1.335,767,RGB
FGVC-Aircraft,900,593,1.518,593,RGB
FGVC-Aircraft,1024,695,1.473,695,RGB
FGVC-Aircraft,1200,812,1.478,812,RGB
FGVC-Aircraft,1200,822,1.46,822,RGB
FGVC-Aircraft,1200,819,1.465,819,RGB
FGVC-Aircraft,1024,704,1.455,704,RGB
FGVC-Aircraft,1024,707,1.448,707,RGB
FGVC-Aircraft,1200,812,1.478,812,RGB
FGVC-Aircraft,1350,912,1.48,912,RGB
FGVC-Aircraft,1024,695,1.473,695,RGB
FGVC-Aircraft,1024,730,1.403,730,RGB
FGVC-Aircraft,900,575,1.565,575,RGB
FGVC-Aircraft,1280,882,1.451,882,RGB
FGVC-Aircraft,1024,705,1.452,705,RGB
FGVC-Aircraft,1024,696,1.471,696,RGB
FGVC-Aircraft,1000,679,1.473,679,RGB
FGVC-Aircraft,1024,695,1.473,695,RGB
FGVC-Aircraft,1024,658,1.556,658,RGB
FGVC-Aircraft,1024,695,1.473,695,RGB
FGVC-Aircraft,1024,706,1.45,706,RGB
FGVC-Aircraft,1000,678,1.475,678,RGB
FGVC-Aircraft,1100,678,1.622,678,RGB
FGVC-Aircraft,1024,716,1.43,716,RGB
FGVC-Aircraft,1200,812,1.478,812,RGB
FGVC-Aircraft,1024,695,1.473,695,RGB
FGVC-Aircraft,1220,836,1.459,836,RGB
FGVC-Aircraft,1024,703,1.457,703,RGB
FGVC-Aircraft,1000,678,1.475,678,RGB
FGVC-Aircraft,1050,729,1.44,729,RGB
FGVC-Aircraft,1024,695,1.473,695,RGB
FGVC-Aircraft,1000,679,1.473,679,RGB
FGVC-Aircraft,1000,678,1.475,678,RGB
FGVC-Aircraft,800,451,1.774,451,RGB
FGVC-Aircraft,1024,710,1.442,710,RGB
FGVC-Aircraft,1050,724,1.45,724,RGB
FGVC-Aircraft,1024,702,1.459,702,RGB
FGVC-Aircraft,1200,812,1.478,812,RGB
FGVC-Aircraft,1000,678,1.475,678,RGB
FGVC-Aircraft,1024,695,1.473,695,RGB
FGVC-Aircraft,1000,679,1.473,679,RGB
FGVC-Aircraft,1024,701,1.461,701,RGB
FGVC-Aircraft,1000,678,1.475,678,RGB
FGVC-Aircraft,1050,712,1.475,712,RGB
FGVC-Aircraft,1024,696,1.471,696,RGB
FGVC-Aircraft,1024,682,1.501,682,RGB
FGVC-Aircraft,1000,703,1.422,703,RGB
FGVC-Aircraft,1280,882,1.451,882,RGB
FGVC-Aircraft,1600,1079,1.483,1079,RGB
FGVC-Aircraft,1024,742,1.38,742,RGB
FGVC-Aircraft,1000,678,1.475,678,RGB
FGVC-Aircraft,1200,812,1.478,812,RGB
FGVC-Aircraft,1200,820,1.463,820,RGB
FGVC-Aircraft,1000,678,1.475,678,RGB
FGVC-Aircraft,1280,882,1.451,882,RGB
FGVC-Aircraft,1200,812,1.478,812,RGB
FGVC-Aircraft,1024,695,1.473,695,RGB
FGVC-Aircraft,1000,678,1.475,678,RGB
FGVC-Aircraft,1200,812,1.478,812,RGB
FGVC-Aircraft,1024,695,1.473,695,RGB
FGVC-Aircraft,800,596,1.342,596,RGB
FGVC-Aircraft,1000,678,1.475,678,RGB
FGVC-Aircraft,1200,812,1.478,812,RGB
FGVC-Aircraft,1200,812,1.478,812,RGB
FGVC-Aircraft,1024,695,1.473,695,RGB
FGVC-Aircraft,1024,708,1.446,708,RGB
FGVC-Aircraft,1024,704,1.455,704,RGB
FGVC-Aircraft,1024,696,1.471,696,RGB
FGVC-Aircraft,1200,752,1.596,752,RGB
FGVC-Aircraft,800,446,1.794,446,RGB
FGVC-Aircraft,1024,738,1.388,738,RGB
FGVC-Aircraft,800,434,1.843,434,RGB
FGVC-Aircraft,1200,812,1.478,812,RGB
FGVC-Aircraft,1024,695,1.473,695,RGB
FGVC-Aircraft,1024,743,1.378,743,RGB
FGVC-Aircraft,1024,711,1.44,711,RGB
FGVC-Aircraft,1000,679,1.473,679,RGB
FGVC-Aircraft,1000,679,1.473,679,RGB
FGVC-Aircraft,1024,695,1.473,695,RGB
FGVC-Aircraft,1000,679,1.473,679,RGB
FGVC-Aircraft,1024,695,1.473,695,RGB
FGVC-Aircraft,1024,690,1.484,690,RGB
FGVC-Aircraft,1525,1029,1.482,1029,RGB
FGVC-Aircraft,950,643,1.477,643,RGB
FGVC-Aircraft,1024,694,1.476,694,RGB
FGVC-Aircraft,1600,1078,1.484,1078,RGB
FGVC-Aircraft,1200,812,1.478,812,RGB
FGVC-Aircraft,1024,695,1.473,695,RGB
FGVC-Aircraft,1200,812,1.478,812,RGB
FGVC-Aircraft,1200,812,1.478,812,RGB
FGVC-Aircraft,1024,695,1.473,695,RGB
FGVC-Aircraft,1200,832,1.442,832,RGB
FGVC-Aircraft,1200,812,1.478,812,RGB
FGVC-Aircraft,1600,1079,1.483,1079,RGB
FGVC-Aircraft,1024,694,1.476,694,RGB
FGVC-Aircraft,1200,812,1.478,812,RGB
FGVC-Aircraft,1024,694,1.476,694,RGB
FGVC-Aircraft,1050,730,1.438,730,RGB
FGVC-Aircraft,1200,812,1.478,812,RGB
FGVC-Aircraft,1200,822,1.46,822,RGB
FGVC-Aircraft,1200,793,1.513,793,RGB
FGVC-Aircraft,1000,659,1.517,659,RGB
FGVC-Aircraft,1024,695,1.473,695,RGB
FGVC-Aircraft,1024,644,1.59,644,RGB
FGVC-Aircraft,1200,820,1.463,820,RGB
FGVC-Aircraft,1600,1078,1.484,1078,RGB
FGVC-Aircraft,1300,748,1.738,748,RGB
FGVC-Aircraft,1300,903,1.44,903,RGB
FGVC-Aircraft,1024,695,1.473,695,RGB
FGVC-Aircraft,1280,882,1.451,882,RGB
FGVC-Aircraft,1050,748,1.404,748,RGB
FGVC-Aircraft,1600,1079,1.483,1079,RGB
FGVC-Aircraft,1100,802,1.372,802,RGB
FGVC-Aircraft,1024,694,1.476,694,RGB
FGVC-Aircraft,1024,695,1.473,695,RGB
FGVC-Aircraft,1440,972,1.481,972,RGB
FGVC-Aircraft,1050,721,1.456,721,RGB
FGVC-Aircraft,1024,720,1.422,720,RGB
FGVC-Aircraft,1200,812,1.478,812,RGB
FGVC-Aircraft,1024,671,1.526,671,RGB
FGVC-Aircraft,800,456,1.754,456,RGB
FGVC-Aircraft,1024,695,1.473,695,RGB
FGVC-Aircraft,1024,695,1.473,695,RGB
FGVC-Aircraft,1200,737,1.628,737,RGB
FGVC-Aircraft,1200,812,1.478,812,RGB
FGVC-Aircraft,1050,737,1.425,737,RGB
FGVC-Aircraft,1000,678,1.475,678,RGB
FGVC-Aircraft,1200,822,1.46,822,RGB
FGVC-Aircraft,1000,679,1.473,679,RGB
FGVC-Aircraft,1000,679,1.473,679,RGB
FGVC-Aircraft,1050,732,1.434,732,RGB
FGVC-Aircraft,1100,745,1.477,745,RGB
FGVC-Aircraft,1050,735,1.429,735,RGB
FGVC-Aircraft,1000,678,1.475,678,RGB
FGVC-Aircraft,1024,695,1.473,695,RGB
FGVC-Aircraft,1024,711,1.44,711,RGB
FGVC-Aircraft,1000,679,1.473,679,RGB
FGVC-Aircraft,1500,1012,1.482,1012,RGB
FGVC-Aircraft,1024,639,1.603,639,RGB
FGVC-Aircraft,1024,695,1.473,695,RGB
FGVC-Aircraft,1530,1032,1.483,1032,RGB
FGVC-Aircraft,1024,707,1.448,707,RGB
FGVC-Aircraft,1024,695,1.473,695,RGB
FGVC-Aircraft,1024,727,1.409,727,RGB
FGVC-Aircraft,1024,695,1.473,695,RGB
FGVC-Aircraft,1024,753,1.36,753,RGB
FGVC-Aircraft,1010,685,1.474,685,RGB
FGVC-Aircraft,1200,812,1.478,812,RGB
FGVC-Aircraft,1100,761,1.445,761,RGB
FGVC-Aircraft,1024,702,1.459,702,RGB
FGVC-Aircraft,1024,693,1.478,693,RGB
FGVC-Aircraft,1600,1188,1.347,1188,RGB
FGVC-Aircraft,1000,678,1.475,678,RGB
FGVC-Aircraft,1600,1079,1.483,1079,RGB
FGVC-Aircraft,1024,694,1.476,694,RGB
FGVC-Aircraft,1000,678,1.475,678,RGB
FGVC-Aircraft,1500,1012,1.482,1012,RGB
FGVC-Aircraft,1200,812,1.478,812,RGB
FGVC-Aircraft,1200,812,1.478,812,RGB
FGVC-Aircraft,1024,695,1.473,695,RGB
FGVC-Aircraft,1024,695,1.473,695,RGB
FGVC-Aircraft,1024,730,1.403,730,RGB
FGVC-Aircraft,1500,1012,1.482,1012,RGB
FGVC-Aircraft,1020,680,1.5,680,RGB
FGVC-Aircraft,1280,882,1.451,882,RGB
FGVC-Aircraft,1024,703,1.457,703,RGB
FGVC-Aircraft,1024,694,1.476,694,RGB
FGVC-Aircraft,1200,820,1.463,820,RGB
FGVC-Aircraft,1570,1059,1.483,1059,RGB
FGVC-Aircraft,1024,695,1.473,695,RGB
FGVC-Aircraft,1200,809,1.483,809,RGB
FGVC-Aircraft,1024,718,1.426,718,RGB
FGVC-Aircraft,1024,695,1.473,695,RGB
FGVC-Aircraft,985,494,1.994,494,RGB
FGVC-Aircraft,1020,726,1.405,726,RGB
FGVC-Aircraft,1024,694,1.476,694,RGB
FGVC-Aircraft,1024,690,1.484,690,RGB
FGVC-Aircraft,1200,826,1.453,826,RGB
FGVC-Aircraft,1200,812,1.478,812,RGB
FGVC-Aircraft,1200,812,1.478,812,RGB
FGVC-Aircraft,1200,814,1.474,814,RGB
FGVC-Aircraft,1024,695,1.473,695,RGB
FGVC-Aircraft,1018,651,1.564,651,RGB
FGVC-Aircraft,1024,698,1.467,698,RGB
FGVC-Aircraft,800,498,1.606,498,RGB
FGVC-Aircraft,1024,695,1.473,695,RGB
FGVC-Aircraft,1050,754,1.393,754,RGB
FGVC-Aircraft,1500,1012,1.482,1012,RGB
FGVC-Aircraft,1150,679,1.694,679,RGB
FGVC-Aircraft,1024,688,1.488,688,RGB
FGVC-Aircraft,1000,678,1.475,678,RGB
FGVC-Aircraft,1500,1012,1.482,1012,RGB
FGVC-Aircraft,1000,698,1.433,698,RGB
FGVC-Aircraft,1024,709,1.444,709,RGB
FGVC-Aircraft,1200,812,1.478,812,RGB
FGVC-Aircraft,1200,825,1.455,825,RGB
FGVC-Aircraft,1200,800,1.5,800,RGB
FGVC-Aircraft,1000,678,1.475,678,RGB
FGVC-Aircraft,1024,695,1.473,695,RGB
FGVC-Aircraft,1100,745,1.477,745,RGB
FGVC-Aircraft,1024,695,1.473,695,RGB
FGVC-Aircraft,1300,716,1.816,716,RGB
FGVC-Aircraft,1200,812,1.478,812,RGB
FGVC-Aircraft,800,495,1.616,495,RGB
FGVC-Aircraft,1024,703,1.457,703,RGB
FGVC-Aircraft,1200,812,1.478,812,RGB
FGVC-Aircraft,1024,695,1.473,695,RGB
FGVC-Aircraft,1000,678,1.475,678,RGB
FGVC-Aircraft,1200,812,1.478,812,RGB
FGVC-Aircraft,1200,812,1.478,812,RGB
FGVC-Aircraft,1000,678,1.475,678,RGB
FGVC-Aircraft,1000,679,1.473,679,RGB
FGVC-Aircraft,1520,1025,1.483,1025,RGB
FGVC-Aircraft,1024,693,1.478,693,RGB
FGVC-Aircraft,1000,678,1.475,678,RGB
FGVC-Aircraft,1024,727,1.409,727,RGB
FGVC-Aircraft,1050,716,1.466,716,RGB
FGVC-Aircraft,1000,678,1.475,678,RGB
FGVC-Aircraft,1300,755,1.722,755,RGB
FGVC-Aircraft,1000,679,1.473,679,RGB
FGVC-Aircraft,1024,706,1.45,706,RGB
FGVC-Aircraft,1200,812,1.478,812,RGB
FGVC-Aircraft,1024,728,1.407,728,RGB
FGVC-Aircraft,1050,732,1.434,732,RGB
FGVC-Aircraft,1000,678,1.475,678,RGB
FGVC-Aircraft,1600,1079,1.483,1079,RGB
FGVC-Aircraft,1000,678,1.475,678,RGB
FGVC-Aircraft,1024,675,1.517,675,RGB
FGVC-Aircraft,1024,699,1.465,699,RGB
FGVC-Aircraft,1024,699,1.465,699,RGB
FGVC-Aircraft,1200,812,1.478,812,RGB
FGVC-Aircraft,1024,695,1.473,695,RGB
FGVC-Aircraft,1000,678,1.475,678,RGB
FGVC-Aircraft,1024,695,1.473,695,RGB
FGVC-Aircraft,1024,740,1.384,740,RGB
FGVC-Aircraft,1200,822,1.46,822,RGB
FGVC-Aircraft,1024,765,1.339,765,RGB
FGVC-Aircraft,1200,761,1.577,761,RGB
FGVC-Aircraft,1024,705,1.452,705,RGB
FGVC-Aircraft,1024,695,1.473,695,RGB
FGVC-Aircraft,1000,679,1.473,679,RGB
FGVC-Aircraft,971,740,1.312,740,RGB
FGVC-Aircraft,1200,812,1.478,812,RGB
FGVC-Aircraft,1024,714,1.434,714,RGB
FGVC-Aircraft,1024,703,1.457,703,RGB
FGVC-Aircraft,1024,699,1.465,699,RGB
FGVC-Aircraft,1024,695,1.473,695,RGB
FGVC-Aircraft,1000,678,1.475,678,RGB
FGVC-Aircraft,1024,695,1.473,695,RGB
FGVC-Aircraft,1024,695,1.473,695,RGB
FGVC-Aircraft,1000,665,1.504,665,RGB
FGVC-Aircraft,1280,882,1.451,882,RGB
FGVC-Aircraft,1100,756,1.455,756,RGB
FGVC-Aircraft,1600,1078,1.484,1078,RGB
FGVC-Aircraft,1370,925,1.481,925,RGB
FGVC-Aircraft,1024,695,1.473,695,RGB
FGVC-Aircraft,1200,814,1.474,814,RGB
FGVC-Aircraft,1024,703,1.457,703,RGB
FGVC-Aircraft,1000,679,1.473,679,RGB
FGVC-Aircraft,1200,718,1.671,718,RGB
FGVC-Aircraft,1500,1012,1.482,1012,RGB
FGVC-Aircraft,1050,768,1.367,768,RGB
FGVC-Aircraft,1000,678,1.475,678,RGB
FGVC-Aircraft,1000,679,1.473,679,RGB
FGVC-Aircraft,1000,679,1.473,679,RGB
FGVC-Aircraft,1280,938,1.365,938,RGB
FGVC-Aircraft,1550,1045,1.483,1045,RGB
FGVC-Aircraft,1200,822,1.46,822,RGB
FGVC-Aircraft,1000,678,1.475,678,RGB
FGVC-Aircraft,1000,679,1.473,679,RGB
FGVC-Aircraft,1024,695,1.473,695,RGB
FGVC-Aircraft,800,490,1.633,490,RGB
FGVC-Aircraft,1450,979,1.481,979,RGB
FGVC-Aircraft,1200,819,1.465,819,RGB
FGVC-Aircraft,1600,1078,1.484,1078,RGB
FGVC-Aircraft,1024,695,1.473,695,RGB
FGVC-Aircraft,1600,1079,1.483,1079,RGB
FGVC-Aircraft,1020,715,1.427,715,RGB
FGVC-Aircraft,1000,678,1.475,678,RGB
FGVC-Aircraft,1200,812,1.478,812,RGB
FGVC-Aircraft,1000,678,1.475,678,RGB
FGVC-Aircraft,1100,770,1.429,770,RGB
FGVC-Aircraft,1000,678,1.475,678,RGB
FGVC-Aircraft,1600,1078,1.484,1078,RGB
FGVC-Aircraft,1000,678,1.475,678,RGB
FGVC-Aircraft,1000,678,1.475,678,RGB
FGVC-Aircraft,1000,678,1.475,678,RGB
FGVC-Aircraft,1024,668,1.533,668,RGB
FGVC-Aircraft,1200,847,1.417,847,RGB
FGVC-Aircraft,800,454,1.762,454,RGB
FGVC-Aircraft,1200,822,1.46,822,RGB
FGVC-Aircraft,1200,822,1.46,822,RGB
FGVC-Aircraft,1200,812,1.478,812,RGB
FGVC-Aircraft,1200,812,1.478,812,RGB
FGVC-Aircraft,1024,766,1.337,766,RGB
FGVC-Aircraft,1024,695,1.473,695,RGB
FGVC-Aircraft,1100,745,1.477,745,RGB
FGVC-Aircraft,1200,822,1.46,822,RGB
FGVC-Aircraft,1000,678,1.475,678,RGB
FGVC-Aircraft,1024,707,1.448,707,RGB
FGVC-Aircraft,1000,678,1.475,678,RGB
FGVC-Aircraft,1024,692,1.48,692,RGB
FGVC-Aircraft,1024,713,1.436,713,RGB
FGVC-Aircraft,1024,695,1.473,695,RGB
FGVC-Aircraft,1100,763,1.442,763,RGB
FGVC-Aircraft,1024,700,1.463,700,RGB
FGVC-Aircraft,1024,694,1.476,694,RGB
FGVC-Aircraft,1200,812,1.478,812,RGB
FGVC-Aircraft,1100,745,1.477,745,RGB
FGVC-Aircraft,1024,704,1.455,704,RGB
FGVC-Aircraft,1280,882,1.451,882,RGB
FGVC-Aircraft,1200,812,1.478,812,RGB
FGVC-Aircraft,1000,678,1.475,678,RGB
FGVC-Aircraft,1024,695,1.473,695,RGB
FGVC-Aircraft,1200,837,1.434,837,RGB
FGVC-Aircraft,1024,695,1.473,695,RGB
FGVC-Aircraft,1024,685,1.495,685,RGB
FGVC-Aircraft,1000,679,1.473,679,RGB
FGVC-Aircraft,1200,812,1.478,812,RGB
FGVC-Aircraft,1024,694,1.476,694,RGB
FGVC-Aircraft,1000,678,1.475,678,RGB
FGVC-Aircraft,1024,695,1.473,695,RGB
FGVC-Aircraft,1024,695,1.473,695,RGB
FGVC-Aircraft,1600,1079,1.483,1079,RGB
FGVC-Aircraft,1200,832,1.442,832,RGB
FGVC-Aircraft,1024,690,1.484,690,RGB
FGVC-Aircraft,1000,678,1.475,678,RGB
FGVC-Aircraft,1024,694,1.476,694,RGB
FGVC-Aircraft,1024,695,1.473,695,RGB
FGVC-Aircraft,1024,695,1.473,695,RGB
FGVC-Aircraft,1024,695,1.473,695,RGB
FGVC-Aircraft,1000,678,1.475,678,RGB
FGVC-Aircraft,1200,812,1.478,812,RGB
FGVC-Aircraft,1024,694,1.476,694,RGB
FGVC-Aircraft,800,552,1.449,552,RGB
FGVC-Aircraft,1024,695,1.473,695,RGB
FGVC-Aircraft,1000,678,1.475,678,RGB
FGVC-Aircraft,1024,695,1.473,695,RGB
FGVC-Aircraft,1000,678,1.475,678,RGB
FGVC-Aircraft,1024,695,1.473,695,RGB
FGVC-Aircraft,1000,689,1.451,689,RGB
FGVC-Aircraft,1300,892,1.457,892,RGB
FGVC-Aircraft,1600,1079,1.483,1079,RGB
FGVC-Aircraft,1024,692,1.48,692,RGB
FGVC-Aircraft,1000,678,1.475,678,RGB
FGVC-Aircraft,1280,882,1.451,882,RGB
FGVC-Aircraft,1024,701,1.461,701,RGB
FGVC-Aircraft,1024,694,1.476,694,RGB
FGVC-Aircraft,1024,717,1.428,717,RGB
FGVC-Aircraft,1000,678,1.475,678,RGB
FGVC-Aircraft,1024,695,1.473,695,RGB
FGVC-Aircraft,1050,796,1.319,796,RGB
FGVC-Aircraft,1024,699,1.465,699,RGB
FGVC-Aircraft,1024,706,1.45,706,RGB
FGVC-Aircraft,1024,727,1.409,727,RGB
FGVC-Aircraft,1024,696,1.471,696,RGB
FGVC-Aircraft,1000,674,1.484,674,RGB
FGVC-Aircraft,1200,828,1.449,828,RGB
FGVC-Aircraft,1600,1079,1.483,1079,RGB
FGVC-Aircraft,1024,694,1.476,694,RGB
FGVC-Aircraft,1420,959,1.481,959,RGB
FGVC-Aircraft,1070,637,1.68,637,RGB
FGVC-Aircraft,1000,678,1.475,678,RGB
FGVC-Aircraft,1024,679,1.508,679,RGB
FGVC-Aircraft,1000,678,1.475,678,RGB
FGVC-Aircraft,800,473,1.691,473,RGB
FGVC-Aircraft,1024,740,1.384,740,RGB
FGVC-Aircraft,800,472,1.695,472,RGB
FGVC-Aircraft,1000,679,1.473,679,RGB
FGVC-Aircraft,1024,695,1.473,695,RGB
FGVC-Aircraft,1024,718,1.426,718,RGB
FGVC-Aircraft,1280,882,1.451,882,RGB
FGVC-Aircraft,1024,695,1.473,695,RGB
FGVC-Aircraft,1024,695,1.473,695,RGB
FGVC-Aircraft,1024,631,1.623,631,RGB
FGVC-Aircraft,1000,678,1.475,678,RGB
FGVC-Aircraft,1024,696,1.471,696,RGB
FGVC-Aircraft,1024,666,1.538,666,RGB
FGVC-Aircraft,1024,695,1.473,695,RGB
FGVC-Aircraft,1200,812,1.478,812,RGB
FGVC-Aircraft,1200,812,1.478,812,RGB
FGVC-Aircraft,1200,812,1.478,812,RGB
FGVC-Aircraft,1200,812,1.478,812,RGB
FGVC-Aircraft,1024,695,1.473,695,RGB
FGVC-Aircraft,979,633,1.547,633,RGB
FGVC-Aircraft,1020,708,1.441,708,RGB
FGVC-Aircraft,1500,1012,1.482,1012,RGB
FGVC-Aircraft,1024,695,1.473,695,RGB
FGVC-Aircraft,1024,695,1.473,695,RGB
FGVC-Aircraft,1024,684,1.497,684,RGB
FGVC-Aircraft,1200,832,1.442,832,RGB
FGVC-Aircraft,1200,832,1.442,832,RGB
FGVC-Aircraft,1200,809,1.483,809,RGB
FGVC-Aircraft,1050,717,1.464,717,RGB
FGVC-Aircraft,800,504,1.587,504,RGB
FGVC-Aircraft,1200,812,1.478,812,RGB
FGVC-Aircraft,1200,822,1.46,822,RGB
FGVC-Aircraft,1200,812,1.478,812,RGB
FGVC-Aircraft,1000,679,1.473,679,RGB
FGVC-Aircraft,1100,755,1.457,755,RGB
FGVC-Aircraft,1500,1012,1.482,1012,RGB
FGVC-Aircraft,1050,771,1.362,771,RGB
FGVC-Aircraft,1000,678,1.475,678,RGB
FGVC-Aircraft,1280,882,1.451,882,RGB
FGVC-Aircraft,1200,812,1.478,812,RGB
FGVC-Aircraft,1024,695,1.473,695,RGB
FGVC-Aircraft,1280,882,1.451,882,RGB
FGVC-Aircraft,800,571,1.401,571,RGB
FGVC-Aircraft,1000,679,1.473,679,RGB
FGVC-Aircraft,1024,703,1.457,703,RGB
FGVC-Aircraft,1024,698,1.467,698,RGB
FGVC-Aircraft,1024,695,1.473,695,RGB
FGVC-Aircraft,1300,890,1.461,890,RGB
FGVC-Aircraft,800,520,1.538,520,RGB
FGVC-Aircraft,1200,812,1.478,812,RGB
FGVC-Aircraft,1280,882,1.451,882,RGB
FGVC-Aircraft,1200,812,1.478,812,RGB
FGVC-Aircraft,1000,678,1.475,678,RGB
FGVC-Aircraft,1200,812,1.478,812,RGB
FGVC-Aircraft,1024,724,1.414,724,RGB
FGVC-Aircraft,1024,715,1.432,715,RGB
FGVC-Aircraft,1024,695,1.473,695,RGB
FGVC-Aircraft,1600,1079,1.483,1079,RGB
FGVC-Aircraft,1024,686,1.493,686,RGB
FGVC-Aircraft,1024,694,1.476,694,RGB
FGVC-Aircraft,1200,812,1.478,812,RGB
FGVC-Aircraft,1200,828,1.449,828,RGB
FGVC-Aircraft,1000,679,1.473,679,RGB
FGVC-Aircraft,1000,694,1.441,694,RGB
FGVC-Aircraft,1100,806,1.365,806,RGB
FGVC-Aircraft,1024,695,1.473,695,RGB
FGVC-Aircraft,1600,1079,1.483,1079,RGB
FGVC-Aircraft,1024,695,1.473,695,RGB
FGVC-Aircraft,1024,734,1.395,734,RGB
FGVC-Aircraft,1024,697,1.469,697,RGB
FGVC-Aircraft,1024,730,1.403,730,RGB
FGVC-Aircraft,1000,678,1.475,678,RGB
FGVC-Aircraft,1200,865,1.387,865,RGB
FGVC-Aircraft,1024,695,1.473,695,RGB
FGVC-Aircraft,1200,812,1.478,812,RGB
FGVC-Aircraft,1500,1012,1.482,1012,RGB
FGVC-Aircraft,1024,695,1.473,695,RGB
FGVC-Aircraft,1600,1079,1.483,1079,RGB
FGVC-Aircraft,1024,695,1.473,695,RGB
FGVC-Aircraft,1600,1079,1.483,1079,RGB
FGVC-Aircraft,1300,805,1.615,805,RGB
FGVC-Aircraft,1024,695,1.473,695,RGB
FGVC-Aircraft,1024,694,1.476,694,RGB
FGVC-Aircraft,1280,882,1.451,882,RGB
FGVC-Aircraft,1000,678,1.475,678,RGB
FGVC-Aircraft,1200,810,1.481,810,RGB
FGVC-Aircraft,1050,736,1.427,736,RGB
FGVC-Aircraft,1024,695,1.473,695,RGB
FGVC-Aircraft,1200,812,1.478,812,RGB
FGVC-Aircraft,1024,695,1.473,695,RGB
FGVC-Aircraft,1024,695,1.473,695,RGB
FGVC-Aircraft,1580,1065,1.484,1065,RGB
FGVC-Aircraft,1000,678,1.475,678,RGB
FGVC-Aircraft,1024,711,1.44,711,RGB
FGVC-Aircraft,1024,671,1.526,671,RGB
FGVC-Aircraft,1024,695,1.473,695,RGB
FGVC-Aircraft,800,491,1.629,491,RGB
FGVC-Aircraft,1000,678,1.475,678,RGB
FGVC-Aircraft,1024,733,1.397,733,RGB
FGVC-Aircraft,1024,695,1.473,695,RGB
FGVC-Aircraft,1100,748,1.471,748,RGB
FGVC-Aircraft,1200,812,1.478,812,RGB
FGVC-Aircraft,800,511,1.566,511,RGB
FGVC-Aircraft,1024,702,1.459,702,RGB
FGVC-Aircraft,1024,694,1.476,694,RGB
FGVC-Aircraft,1024,695,1.473,695,RGB
FGVC-Aircraft,1000,678,1.475,678,RGB
FGVC-Aircraft,1024,694,1.476,694,RGB
FGVC-Aircraft,1024,695,1.473,695,RGB
FGVC-Aircraft,1024,694,1.476,694,RGB
FGVC-Aircraft,1024,695,1.473,695,RGB
FGVC-Aircraft,1250,883,1.416,883,RGB
FGVC-Aircraft,1024,701,1.461,701,RGB
FGVC-Aircraft,1024,704,1.455,704,RGB
FGVC-Aircraft,1200,822,1.46,822,RGB
FGVC-Aircraft,1000,678,1.475,678,RGB
FGVC-Aircraft,1024,695,1.473,695,RGB
FGVC-Aircraft,1024,705,1.452,705,RGB
FGVC-Aircraft,1024,694,1.476,694,RGB
FGVC-Aircraft,800,452,1.77,452,RGB
FGVC-Aircraft,1600,1079,1.483,1079,RGB
FGVC-Aircraft,1024,695,1.473,695,RGB
FGVC-Aircraft,1024,695,1.473,695,RGB
FGVC-Aircraft,1050,772,1.36,772,RGB
FGVC-Aircraft,1000,678,1.475,678,RGB
FGVC-Aircraft,1024,694,1.476,694,RGB
FGVC-Aircraft,1024,705,1.452,705,RGB
FGVC-Aircraft,1024,684,1.497,684,RGB
FGVC-Aircraft,1450,979,1.481,979,RGB
FGVC-Aircraft,1024,695,1.473,695,RGB
FGVC-Aircraft,1024,711,1.44,711,RGB
FGVC-Aircraft,1024,710,1.442,710,RGB
FGVC-Aircraft,1000,679,1.473,679,RGB
FGVC-Aircraft,1200,812,1.478,812,RGB
FGVC-Aircraft,1200,812,1.478,812,RGB
FGVC-Aircraft,1024,767,1.335,767,RGB
FGVC-Aircraft,1024,705,1.452,705,RGB
FGVC-Aircraft,1024,708,1.446,708,RGB
FGVC-Aircraft,1200,822,1.46,822,RGB
FGVC-Aircraft,1024,695,1.473,695,RGB
FGVC-Aircraft,1024,749,1.367,749,RGB
FGVC-Aircraft,1000,678,1.475,678,RGB
FGVC-Aircraft,1200,812,1.478,812,RGB
FGVC-Aircraft,1024,699,1.465,699,RGB
FGVC-Aircraft,1024,728,1.407,728,RGB
FGVC-Aircraft,1024,694,1.476,694,RGB
FGVC-Aircraft,1024,695,1.473,695,RGB
FGVC-Aircraft,1300,792,1.641,792,RGB
FGVC-Aircraft,1024,695,1.473,695,RGB
FGVC-Aircraft,1000,679,1.473,679,RGB
FGVC-Aircraft,1024,697,1.469,697,RGB
FGVC-Aircraft,1024,721,1.42,721,RGB
FGVC-Aircraft,1024,695,1.473,695,RGB
FGVC-Aircraft,1000,679,1.473,679,RGB
FGVC-Aircraft,1200,822,1.46,822,RGB
FGVC-Aircraft,1024,764,1.34,764,RGB
FGVC-Aircraft,1024,735,1.393,735,RGB
FGVC-Aircraft,1280,882,1.451,882,RGB
FGVC-Aircraft,1200,815,1.472,815,RGB
FGVC-Aircraft,1024,695,1.473,695,RGB
FGVC-Aircraft,900,506,1.779,506,RGB
FGVC-Aircraft,1024,699,1.465,699,RGB
FGVC-Aircraft,1600,1178,1.358,1178,RGB
FGVC-Aircraft,1200,810,1.481,810,RGB
FGVC-Aircraft,1200,812,1.478,812,RGB
FGVC-Aircraft,1024,695,1.473,695,RGB
FGVC-Aircraft,1200,819,1.465,819,RGB
FGVC-Aircraft,1200,759,1.581,759,RGB
FGVC-Aircraft,1024,695,1.473,695,RGB
FGVC-Aircraft,1016,700,1.451,700,RGB
FGVC-Aircraft,1024,694,1.476,694,RGB
FGVC-Aircraft,1200,812,1.478,812,RGB
FGVC-Aircraft,1024,733,1.397,733,RGB
FGVC-Aircraft,1200,812,1.478,812,RGB
FGVC-Aircraft,1024,695,1.473,695,RGB
FGVC-Aircraft,1024,695,1.473,695,RGB
FGVC-Aircraft,1024,697,1.469,697,RGB
FGVC-Aircraft,1024,695,1.473,695,RGB
FGVC-Aircraft,1024,695,1.473,695,RGB
FGVC-Aircraft,1000,678,1.475,678,RGB
FGVC-Aircraft,1200,812,1.478,812,RGB
FGVC-Aircraft,1024,695,1.473,695,RGB
FGVC-Aircraft,1024,764,1.34,764,RGB
FGVC-Aircraft,1200,812,1.478,812,RGB
FGVC-Aircraft,1600,1079,1.483,1079,RGB
FGVC-Aircraft,1020,649,1.572,649,RGB
FGVC-Aircraft,1500,1012,1.482,1012,RGB
FGVC-Aircraft,1200,832,1.442,832,RGB
FGVC-Aircraft,1370,925,1.481,925,RGB
FGVC-Aircraft,1024,706,1.45,706,RGB
FGVC-Aircraft,1024,710,1.442,710,RGB
FGVC-Aircraft,1200,812,1.478,812,RGB
FGVC-Aircraft,1024,695,1.473,695,RGB
FGVC-Aircraft,1200,771,1.556,771,RGB
FGVC-Aircraft,800,532,1.504,532,RGB
FGVC-Aircraft,1024,720,1.422,720,RGB
FGVC-Aircraft,900,595,1.513,595,RGB
FGVC-Aircraft,1024,732,1.399,732,RGB
FGVC-Aircraft,1600,1079,1.483,1079,RGB
FGVC-Aircraft,1024,661,1.549,661,RGB
FGVC-Aircraft,1024,685,1.495,685,RGB
FGVC-Aircraft,1200,812,1.478,812,RGB
FGVC-Aircraft,1280,896,1.429,896,RGB
FGVC-Aircraft,1000,678,1.475,678,RGB
FGVC-Aircraft,1200,812,1.478,812,RGB
FGVC-Aircraft,1024,695,1.473,695,RGB
FGVC-Aircraft,1000,679,1.473,679,RGB
FGVC-Aircraft,1024,695,1.473,695,RGB
FGVC-Aircraft,1000,678,1.475,678,RGB
FGVC-Aircraft,1450,979,1.481,979,RGB
FGVC-Aircraft,1000,678,1.475,678,RGB
FGVC-Aircraft,1024,703,1.457,703,RGB
FGVC-Aircraft,1200,812,1.478,812,RGB
FGVC-Aircraft,1020,613,1.664,613,RGB
FGVC-Aircraft,1024,697,1.469,697,RGB
FGVC-Aircraft,1024,659,1.554,659,RGB
FGVC-Aircraft,1200,757,1.585,757,RGB
FGVC-Aircraft,1200,840,1.429,840,RGB
FGVC-Aircraft,800,497,1.61,497,RGB
FGVC-Aircraft,1300,903,1.44,903,RGB
FGVC-Aircraft,1024,695,1.473,695,RGB
FGVC-Aircraft,1024,691,1.482,691,RGB
FGVC-Aircraft,1000,678,1.475,678,RGB
FGVC-Aircraft,1024,695,1.473,695,RGB
FGVC-Aircraft,1024,695,1.473,695,RGB
FGVC-Aircraft,1200,812,1.478,812,RGB
FGVC-Aircraft,1100,772,1.425,772,RGB
FGVC-Aircraft,1210,819,1.477,819,RGB
FGVC-Aircraft,1560,1052,1.483,1052,RGB
FGVC-Aircraft,1000,679,1.473,679,RGB
FGVC-Aircraft,1024,704,1.455,704,RGB
FGVC-Aircraft,1024,685,1.495,685,RGB
FGVC-Aircraft,1024,695,1.473,695,RGB
FGVC-Aircraft,1024,695,1.473,695,RGB
FGVC-Aircraft,1050,712,1.475,712,RGB
FGVC-Aircraft,1024,695,1.473,695,RGB
FGVC-Aircraft,1010,673,1.501,673,RGB
FGVC-Aircraft,1200,812,1.478,812,RGB
FGVC-Aircraft,1024,695,1.473,695,RGB
FGVC-Aircraft,1280,882,1.451,882,RGB
FGVC-Aircraft,1024,702,1.459,702,RGB
FGVC-Aircraft,1200,894,1.342,894,RGB
FGVC-Aircraft,1050,777,1.351,777,RGB
FGVC-Aircraft,1024,695,1.473,695,RGB
FGVC-Aircraft,1024,698,1.467,698,RGB
FGVC-Aircraft,1000,678,1.475,678,RGB
FGVC-Aircraft,1050,756,1.389,756,RGB
FGVC-Aircraft,1024,695,1.473,695,RGB
FGVC-Aircraft,1200,790,1.519,790,RGB
FGVC-Aircraft,1024,695,1.473,695,RGB
FGVC-Aircraft,1000,678,1.475,678,RGB
FGVC-Aircraft,1024,696,1.471,696,RGB
FGVC-Aircraft,1200,812,1.478,812,RGB
FGVC-Aircraft,1024,694,1.476,694,RGB
FGVC-Aircraft,1100,787,1.398,787,RGB
FGVC-Aircraft,1000,678,1.475,678,RGB
FGVC-Aircraft,1024,713,1.436,713,RGB
FGVC-Aircraft,1200,812,1.478,812,RGB
FGVC-Aircraft,1024,694,1.476,694,RGB
FGVC-Aircraft,1024,695,1.473,695,RGB
FGVC-Aircraft,1024,695,1.473,695,RGB
FGVC-Aircraft,1200,822,1.46,822,RGB
FGVC-Aircraft,1200,812,1.478,812,RGB
FGVC-Aircraft,1024,695,1.473,695,RGB
FGVC-Aircraft,1024,695,1.473,695,RGB
FGVC-Aircraft,1024,703,1.457,703,RGB
FGVC-Aircraft,1024,695,1.473,695,RGB
FGVC-Aircraft,1000,678,1.475,678,RGB
FGVC-Aircraft,1200,821,1.462,821,RGB
FGVC-Aircraft,1600,977,1.638,977,RGB
FGVC-Aircraft,1400,872,1.606,872,RGB
FGVC-Aircraft,1000,678,1.475,678,RGB
FGVC-Aircraft,1500,1012,1.482,1012,RGB
FGVC-Aircraft,1200,812,1.478,812,RGB
FGVC-Aircraft,995,655,1.519,655,RGB
FGVC-Aircraft,1000,679,1.473,679,RGB
FGVC-Aircraft,1575,1062,1.483,1062,RGB
FGVC-Aircraft,1100,777,1.416,777,RGB
FGVC-Aircraft,1000,736,1.359,736,RGB
FGVC-Aircraft,1024,780,1.313,780,RGB
FGVC-Aircraft,800,505,1.584,505,RGB
FGVC-Aircraft,1024,694,1.476,694,RGB
FGVC-Aircraft,1280,882,1.451,882,RGB
FGVC-Aircraft,1000,679,1.473,679,RGB
FGVC-Aircraft,1024,705,1.452,705,RGB
FGVC-Aircraft,1024,725,1.412,725,RGB
FGVC-Aircraft,1024,719,1.424,719,RGB
FGVC-Aircraft,1280,882,1.451,882,RGB
FGVC-Aircraft,900,617,1.459,617,RGB
FGVC-Aircraft,1024,695,1.473,695,RGB
FGVC-Aircraft,1200,817,1.469,817,RGB
FGVC-Aircraft,1024,710,1.442,710,RGB
FGVC-Aircraft,1050,742,1.415,742,RGB
FGVC-Aircraft,1024,695,1.473,695,RGB
FGVC-Aircraft,1100,772,1.425,772,RGB
FGVC-Aircraft,1000,678,1.475,678,RGB
FGVC-Aircraft,1300,892,1.457,892,RGB
FGVC-Aircraft,1200,812,1.478,812,RGB
FGVC-Aircraft,1200,812,1.478,812,RGB
FGVC-Aircraft,1024,681,1.504,681,RGB
FGVC-Aircraft,1200,812,1.478,812,RGB
FGVC-Aircraft,1024,666,1.538,666,RGB
FGVC-Aircraft,1024,702,1.459,702,RGB
FGVC-Aircraft,1200,814,1.474,814,RGB
FGVC-Aircraft,1024,697,1.469,697,RGB
FGVC-Aircraft,1600,1079,1.483,1079,RGB
FGVC-Aircraft,900,632,1.424,632,RGB
FGVC-Aircraft,1100,745,1.477,745,RGB
FGVC-Aircraft,1024,714,1.434,714,RGB
FGVC-Aircraft,1100,770,1.429,770,RGB
FGVC-Aircraft,1024,737,1.389,737,RGB
FGVC-Aircraft,1024,707,1.448,707,RGB
FGVC-Aircraft,1024,701,1.461,701,RGB
FGVC-Aircraft,1200,883,1.359,883,RGB
FGVC-Aircraft,988,731,1.352,731,RGB
FGVC-Aircraft,1024,695,1.473,695,RGB
FGVC-Aircraft,1200,812,1.478,812,RGB
FGVC-Aircraft,1000,678,1.475,678,RGB
FGVC-Aircraft,1200,812,1.478,812,RGB
FGVC-Aircraft,1024,698,1.467,698,RGB
FGVC-Aircraft,1200,812,1.478,812,RGB
FGVC-Aircraft,1200,757,1.585,757,RGB
FGVC-Aircraft,1000,678,1.475,678,RGB
FGVC-Aircraft,1280,882,1.451,882,RGB
FGVC-Aircraft,1100,773,1.423,773,RGB
FGVC-Aircraft,1024,695,1.473,695,RGB
FGVC-Aircraft,1220,825,1.479,825,RGB
FGVC-Aircraft,1024,700,1.463,700,RGB
FGVC-Aircraft,1000,679,1.473,679,RGB
FGVC-Aircraft,1100,781,1.408,781,RGB
FGVC-Aircraft,1000,678,1.475,678,RGB
FGVC-Aircraft,1024,695,1.473,695,RGB
FGVC-Aircraft,1000,678,1.475,678,RGB
FGVC-Aircraft,1024,695,1.473,695,RGB
FGVC-Aircraft,1000,679,1.473,679,RGB
FGVC-Aircraft,1002,693,1.446,693,RGB
FGVC-Aircraft,1024,704,1.455,704,RGB
FGVC-Aircraft,1280,882,1.451,882,RGB
FGVC-Aircraft,1024,695,1.473,695,RGB
FGVC-Aircraft,1024,695,1.473,695,RGB
FGVC-Aircraft,1024,725,1.412,725,RGB
FGVC-Aircraft,800,545,1.468,545,RGB
FGVC-Aircraft,1200,848,1.415,848,RGB
FGVC-Aircraft,1500,1012,1.482,1012,RGB
FGVC-Aircraft,1000,679,1.473,679,RGB
FGVC-Aircraft,1500,1012,1.482,1012,RGB
FGVC-Aircraft,1050,732,1.434,732,RGB
FGVC-Aircraft,1185,632,1.875,632,RGB
FGVC-Aircraft,1200,815,1.472,815,RGB
FGVC-Aircraft,1200,832,1.442,832,RGB
FGVC-Aircraft,1024,696,1.471,696,RGB
FGVC-Aircraft,1024,706,1.45,706,RGB
FGVC-Aircraft,1000,678,1.475,678,RGB
FGVC-Aircraft,1024,695,1.473,695,RGB
FGVC-Aircraft,1024,721,1.42,721,RGB
FGVC-Aircraft,1200,812,1.478,812,RGB
FGVC-Aircraft,1050,741,1.417,741,RGB
FGVC-Aircraft,1024,680,1.506,680,RGB
FGVC-Aircraft,1024,687,1.491,687,RGB
FGVC-Aircraft,1024,695,1.473,695,RGB
FGVC-Aircraft,1000,678,1.475,678,RGB
FGVC-Aircraft,1024,655,1.563,655,RGB
FGVC-Aircraft,1200,813,1.476,813,RGB
FGVC-Aircraft,1280,882,1.451,882,RGB
FGVC-Aircraft,1024,695,1.473,695,RGB
FGVC-Aircraft,1024,696,1.471,696,RGB
FGVC-Aircraft,1024,725,1.412,725,RGB
FGVC-Aircraft,1024,709,1.444,709,RGB
FGVC-Aircraft,800,478,1.674,478,RGB
FGVC-Aircraft,1024,703,1.457,703,RGB
FGVC-Aircraft,1200,812,1.478,812,RGB
FGVC-Aircraft,1000,679,1.473,679,RGB
FGVC-Aircraft,1200,812,1.478,812,RGB
FGVC-Aircraft,1600,1107,1.445,1107,RGB
FGVC-Aircraft,991,709,1.398,709,RGB
FGVC-Aircraft,1280,856,1.495,856,RGB
FGVC-Aircraft,1200,822,1.46,822,RGB
FGVC-Aircraft,1280,882,1.451,882,RGB
FGVC-Aircraft,1200,751,1.598,751,RGB
FGVC-Aircraft,1024,693,1.478,693,RGB
FGVC-Aircraft,1200,786,1.527,786,RGB
FGVC-Aircraft,1024,696,1.471,696,RGB
FGVC-Aircraft,1500,1012,1.482,1012,RGB
FGVC-Aircraft,1024,697,1.469,697,RGB
FGVC-Aircraft,1024,692,1.48,692,RGB
FGVC-Aircraft,1200,822,1.46,822,RGB
FGVC-Aircraft,1200,832,1.442,832,RGB
FGVC-Aircraft,1024,695,1.473,695,RGB
FGVC-Aircraft,1024,695,1.473,695,RGB
FGVC-Aircraft,1024,695,1.473,695,RGB
FGVC-Aircraft,1024,684,1.497,684,RGB
FGVC-Aircraft,1024,695,1.473,695,RGB
FGVC-Aircraft,1024,695,1.473,695,RGB
FGVC-Aircraft,1200,822,1.46,822,RGB
FGVC-Aircraft,1600,929,1.722,929,RGB
FGVC-Aircraft,1050,754,1.393,754,RGB
FGVC-Aircraft,1200,812,1.478,812,RGB
FGVC-Aircraft,1200,812,1.478,812,RGB
FGVC-Aircraft,1500,1012,1.482,1012,RGB
FGVC-Aircraft,1340,905,1.481,905,RGB
FGVC-Aircraft,800,476,1.681,476,RGB
FGVC-Aircraft,1000,678,1.475,678,RGB
FGVC-Aircraft,1600,1079,1.483,1079,RGB
FGVC-Aircraft,1024,694,1.476,694,RGB
FGVC-Aircraft,1200,832,1.442,832,RGB
FGVC-Aircraft,1024,725,1.412,725,RGB
FGVC-Aircraft,1024,695,1.473,695,RGB
FGVC-Aircraft,1024,763,1.342,763,RGB
FGVC-Aircraft,1024,695,1.473,695,RGB
FGVC-Aircraft,1500,1012,1.482,1012,RGB
FGVC-Aircraft,1024,695,1.473,695,RGB
FGVC-Aircraft,1200,778,1.542,778,RGB
FGVC-Aircraft,1024,695,1.473,695,RGB
FGVC-Aircraft,1200,816,1.471,816,RGB
FGVC-Aircraft,1024,703,1.457,703,RGB
FGVC-Aircraft,1002,680,1.474,680,RGB
FGVC-Aircraft,1500,1012,1.482,1012,RGB
FGVC-Aircraft,1024,708,1.446,708,RGB
FGVC-Aircraft,1600,1079,1.483,1079,RGB
FGVC-Aircraft,1024,751,1.364,751,RGB
FGVC-Aircraft,1024,713,1.436,713,RGB
FGVC-Aircraft,1024,683,1.499,683,RGB
FGVC-Aircraft,1024,712,1.438,712,RGB
FGVC-Aircraft,1024,695,1.473,695,RGB
FGVC-Aircraft,800,530,1.509,530,RGB
FGVC-Aircraft,1024,695,1.473,695,RGB
FGVC-Aircraft,1024,695,1.473,695,RGB
FGVC-Aircraft,1024,695,1.473,695,RGB
FGVC-Aircraft,1200,862,1.392,862,RGB
FGVC-Aircraft,1024,695,1.473,695,RGB
FGVC-Aircraft,1024,695,1.473,695,RGB
FGVC-Aircraft,1024,695,1.473,695,RGB
FGVC-Aircraft,1024,695,1.473,695,RGB
FGVC-Aircraft,1000,678,1.475,678,RGB
FGVC-Aircraft,1200,812,1.478,812,RGB
FGVC-Aircraft,1024,695,1.473,695,RGB
FGVC-Aircraft,1024,695,1.473,695,RGB
FGVC-Aircraft,1000,679,1.473,679,RGB
FGVC-Aircraft,1024,695,1.473,695,RGB
FGVC-Aircraft,1000,679,1.473,679,RGB
FGVC-Aircraft,1000,678,1.475,678,RGB
FGVC-Aircraft,1200,812,1.478,812,RGB
FGVC-Aircraft,1024,665,1.54,665,RGB
FGVC-Aircraft,1024,695,1.473,695,RGB
FGVC-Aircraft,1200,832,1.442,832,RGB
FGVC-Aircraft,1000,678,1.475,678,RGB
FGVC-Aircraft,1024,768,1.333,768,RGB
FGVC-Aircraft,900,552,1.63,552,RGB
FGVC-Aircraft,1200,812,1.478,812,RGB
FGVC-Aircraft,1200,777,1.544,777,RGB
FGVC-Aircraft,1600,1079,1.483,1079,RGB
FGVC-Aircraft,1000,678,1.475,678,RGB
FGVC-Aircraft,1024,695,1.473,695,RGB
FGVC-Aircraft,1500,1012,1.482,1012,RGB
FGVC-Aircraft,1024,723,1.416,723,RGB
FGVC-Aircraft,1000,678,1.475,678,RGB
FGVC-Aircraft,1041,689,1.511,689,RGB
FGVC-Aircraft,1200,812,1.478,812,RGB
FGVC-Aircraft,1024,696,1.471,696,RGB
FGVC-Aircraft,1024,708,1.446,708,RGB
FGVC-Aircraft,1200,716,1.676,716,RGB
FGVC-Aircraft,1600,1079,1.483,1079,RGB
FGVC-Aircraft,1024,718,1.426,718,RGB
FGVC-Aircraft,1000,679,1.473,679,RGB
FGVC-Aircraft,1024,699,1.465,699,RGB
FGVC-Aircraft,1024,695,1.473,695,RGB
FGVC-Aircraft,1204,815,1.477,815,RGB
FGVC-Aircraft,1024,695,1.473,695,RGB
FGVC-Aircraft,1100,673,1.634,673,RGB
FGVC-Aircraft,1200,901,1.332,901,RGB
FGVC-Aircraft,1200,812,1.478,812,RGB
FGVC-Aircraft,1280,882,1.451,882,RGB
FGVC-Aircraft,1000,678,1.475,678,RGB
FGVC-Aircraft,1024,694,1.476,694,RGB
FGVC-Aircraft,1024,719,1.424,719,RGB
FGVC-Aircraft,1280,882,1.451,882,RGB
FGVC-Aircraft,1024,694,1.476,694,RGB
FGVC-Aircraft,1300,895,1.453,895,RGB
FGVC-Aircraft,1000,728,1.374,728,RGB
FGVC-Aircraft,1024,695,1.473,695,RGB
FGVC-Aircraft,1024,695,1.473,695,RGB
FGVC-Aircraft,1024,695,1.473,695,RGB
FGVC-Aircraft,1024,695,1.473,695,RGB
FGVC-Aircraft,1024,695,1.473,695,RGB
FGVC-Aircraft,1024,722,1.418,722,RGB
FGVC-Aircraft,1200,812,1.478,812,RGB
FGVC-Aircraft,1024,671,1.526,671,RGB
FGVC-Aircraft,1200,811,1.48,811,RGB
FGVC-Aircraft,1200,843,1.423,843,RGB
FGVC-Aircraft,1024,708,1.446,708,RGB
FGVC-Aircraft,1024,695,1.473,695,RGB
FGVC-Aircraft,1200,812,1.478,812,RGB
FGVC-Aircraft,1024,694,1.476,694,RGB
FGVC-Aircraft,1200,815,1.472,815,RGB
FGVC-Aircraft,1024,701,1.461,701,RGB
FGVC-Aircraft,1200,812,1.478,812,RGB
FGVC-Aircraft,1200,812,1.478,812,RGB
FGVC-Aircraft,1000,679,1.473,679,RGB
FGVC-Aircraft,1200,812,1.478,812,RGB
FGVC-Aircraft,1024,750,1.365,750,RGB
FGVC-Aircraft,1200,832,1.442,832,RGB
FGVC-Aircraft,1280,882,1.451,882,RGB
FGVC-Aircraft,1200,812,1.478,812,RGB
FGVC-Aircraft,1230,650,1.892,650,RGB
FGVC-Aircraft,1000,678,1.475,678,RGB
FGVC-Aircraft,1590,1072,1.483,1072,RGB
FGVC-Aircraft,1000,678,1.475,678,RGB
FGVC-Aircraft,1200,812,1.478,812,RGB
FGVC-Aircraft,1024,695,1.473,695,RGB
FGVC-Aircraft,1000,678,1.475,678,RGB
FGVC-Aircraft,1200,812,1.478,812,RGB
FGVC-Aircraft,1280,882,1.451,882,RGB
FGVC-Aircraft,1200,842,1.425,842,RGB
FGVC-Aircraft,1280,882,1.451,882,RGB
FGVC-Aircraft,1200,822,1.46,822,RGB
FGVC-Aircraft,1024,713,1.436,713,RGB
FGVC-Aircraft,1050,740,1.419,740,RGB
FGVC-Aircraft,1600,1074,1.49,1074,RGB
FGVC-Aircraft,1020,737,1.384,737,RGB
FGVC-Aircraft,1024,695,1.473,695,RGB
FGVC-Aircraft,1000,678,1.475,678,RGB
FGVC-Aircraft,1500,1012,1.482,1012,RGB
FGVC-Aircraft,1600,1027,1.558,1027,RGB
FGVC-Aircraft,1000,679,1.473,679,RGB
FGVC-Aircraft,1024,695,1.473,695,RGB
FGVC-Aircraft,1024,695,1.473,695,RGB
FGVC-Aircraft,1024,704,1.455,704,RGB
FGVC-Aircraft,1280,882,1.451,882,RGB
FGVC-Aircraft,1280,882,1.451,882,RGB
FGVC-Aircraft,1024,695,1.473,695,RGB
FGVC-Aircraft,1100,837,1.314,837,RGB
FGVC-Aircraft,1024,716,1.43,716,RGB
FGVC-Aircraft,1200,837,1.434,837,RGB
FGVC-Aircraft,1200,842,1.425,842,RGB
FGVC-Aircraft,1200,812,1.478,812,RGB
FGVC-Aircraft,1024,712,1.438,712,RGB
FGVC-Aircraft,1024,695,1.473,695,RGB
FGVC-Aircraft,1024,695,1.473,695,RGB
FGVC-Aircraft,1300,905,1.436,905,RGB
FGVC-Aircraft,1024,694,1.476,694,RGB
FGVC-Aircraft,1000,679,1.473,679,RGB
FGVC-Aircraft,1600,1100,1.455,1100,RGB
FGVC-Aircraft,1200,812,1.478,812,RGB
FGVC-Aircraft,1024,695,1.473,695,RGB
FGVC-Aircraft,1200,832,1.442,832,RGB
FGVC-Aircraft,1024,695,1.473,695,RGB
FGVC-Aircraft,1024,695,1.473,695,RGB
FGVC-Aircraft,1024,695,1.473,695,RGB
FGVC-Aircraft,1050,703,1.494,703,RGB
FGVC-Aircraft,1485,1002,1.482,1002,RGB
FGVC-Aircraft,1200,812,1.478,812,RGB
FGVC-Aircraft,1024,695,1.473,695,RGB
FGVC-Aircraft,1000,679,1.473,679,RGB
FGVC-Aircraft,1540,1039,1.482,1039,RGB
FGVC-Aircraft,1000,679,1.473,679,RGB
FGVC-Aircraft,1020,648,1.574,648,RGB
FGVC-Aircraft,1050,746,1.408,746,RGB
FGVC-Aircraft,1024,710,1.442,710,RGB
FGVC-Aircraft,1024,700,1.463,700,RGB
FGVC-Aircraft,1024,695,1.473,695,RGB
FGVC-Aircraft,1200,812,1.478,812,RGB
FGVC-Aircraft,1390,939,1.48,939,RGB
FGVC-Aircraft,800,479,1.67,479,RGB
FGVC-Aircraft,1024,695,1.473,695,RGB
FGVC-Aircraft,800,510,1.569,510,RGB
FGVC-Aircraft,1600,1079,1.483,1079,RGB
FGVC-Aircraft,1500,1012,1.482,1012,RGB
FGVC-Aircraft,1024,695,1.473,695,RGB
FGVC-Aircraft,1024,766,1.337,766,RGB
FGVC-Aircraft,1050,773,1.358,773,RGB
FGVC-Aircraft,900,621,1.449,621,RGB
FGVC-Aircraft,1280,882,1.451,882,RGB
FGVC-Aircraft,1024,763,1.342,763,RGB
FGVC-Aircraft,1024,667,1.535,667,RGB
FGVC-Aircraft,1000,679,1.473,679,RGB
FGVC-Aircraft,1100,788,1.396,788,RGB
FGVC-Aircraft,1024,695,1.473,695,RGB
FGVC-Aircraft,1024,695,1.473,695,RGB
FGVC-Aircraft,1024,694,1.476,694,RGB
FGVC-Aircraft,1024,692,1.48,692,RGB
FGVC-Aircraft,1050,800,1.312,800,RGB
FGVC-Aircraft,1024,695,1.473,695,RGB
FGVC-Aircraft,1024,695,1.473,695,RGB
FGVC-Aircraft,1024,695,1.473,695,RGB
FGVC-Aircraft,1013,685,1.479,685,RGB
FGVC-Aircraft,1000,679,1.473,679,RGB
FGVC-Aircraft,1600,1085,1.475,1085,RGB
FGVC-Aircraft,1024,695,1.473,695,RGB
FGVC-Aircraft,1000,678,1.475,678,RGB
FGVC-Aircraft,1024,695,1.473,695,RGB
FGVC-Aircraft,1024,695,1.473,695,RGB
FGVC-Aircraft,1000,670,1.493,670,RGB
FGVC-Aircraft,1024,694,1.476,694,RGB
FGVC-Aircraft,1000,678,1.475,678,RGB
FGVC-Aircraft,1200,812,1.478,812,RGB
FGVC-Aircraft,1050,736,1.427,736,RGB
FGVC-Aircraft,1024,707,1.448,707,RGB
FGVC-Aircraft,1024,696,1.471,696,RGB
FGVC-Aircraft,1200,812,1.478,812,RGB
FGVC-Aircraft,1024,695,1.473,695,RGB
FGVC-Aircraft,1024,694,1.476,694,RGB
FGVC-Aircraft,1200,771,1.556,771,RGB
FGVC-Aircraft,1200,812,1.478,812,RGB
FGVC-Aircraft,1200,812,1.478,812,RGB
FGVC-Aircraft,1200,832,1.442,832,RGB
FGVC-Aircraft,1200,812,1.478,812,RGB
FGVC-Aircraft,1200,812,1.478,812,RGB
FGVC-Aircraft,800,413,1.937,413,RGB
FGVC-Aircraft,1024,695,1.473,695,RGB
FGVC-Aircraft,1024,695,1.473,695,RGB
FGVC-Aircraft,1024,695,1.473,695,RGB
FGVC-Aircraft,1200,812,1.478,812,RGB
FGVC-Aircraft,1600,1078,1.484,1078,RGB
FGVC-Aircraft,1024,695,1.473,695,RGB
FGVC-Aircraft,971,740,1.312,740,RGB
FGVC-Aircraft,1200,812,1.478,812,RGB
FGVC-Aircraft,1024,768,1.333,768,RGB
FGVC-Aircraft,1024,694,1.476,694,RGB
FGVC-Aircraft,1024,695,1.473,695,RGB
FGVC-Aircraft,800,556,1.439,556,RGB
FGVC-Aircraft,1200,812,1.478,812,RGB
FGVC-Aircraft,1024,695,1.473,695,RGB
FGVC-Aircraft,1024,709,1.444,709,RGB
FGVC-Aircraft,1200,812,1.478,812,RGB
FGVC-Aircraft,1024,694,1.476,694,RGB
FGVC-Aircraft,1200,812,1.478,812,RGB
FGVC-Aircraft,1050,782,1.343,782,RGB
FGVC-Aircraft,1024,689,1.486,689,RGB
FGVC-Aircraft,1000,678,1.475,678,RGB
FGVC-Aircraft,1200,833,1.441,833,RGB
FGVC-Aircraft,1024,694,1.476,694,RGB
FGVC-Aircraft,1200,811,1.48,811,RGB
FGVC-Aircraft,1024,718,1.426,718,RGB
FGVC-Aircraft,1200,812,1.478,812,RGB
FGVC-Aircraft,1024,703,1.457,703,RGB
FGVC-Aircraft,1200,820,1.463,820,RGB
FGVC-Aircraft,800,524,1.527,524,RGB
FGVC-Aircraft,1024,695,1.473,695,RGB
FGVC-Aircraft,1000,678,1.475,678,RGB
FGVC-Aircraft,1024,695,1.473,695,RGB
FGVC-Aircraft,1000,679,1.473,679,RGB
FGVC-Aircraft,1024,710,1.442,710,RGB
FGVC-Aircraft,950,659,1.442,659,RGB
FGVC-Aircraft,1000,678,1.475,678,RGB
FGVC-Aircraft,1300,890,1.461,890,RGB
FGVC-Aircraft,1024,695,1.473,695,RGB
FGVC-Aircraft,1024,695,1.473,695,RGB
FGVC-Aircraft,1024,679,1.508,679,RGB
FGVC-Aircraft,1000,678,1.475,678,RGB
FGVC-Aircraft,1000,679,1.473,679,RGB
FGVC-Aircraft,1200,812,1.478,812,RGB
FGVC-Aircraft,970,498,1.948,498,RGB
FGVC-Aircraft,1200,812,1.478,812,RGB
FGVC-Aircraft,1600,1112,1.439,1112,RGB
FGVC-Aircraft,1000,678,1.475,678,RGB
FGVC-Aircraft,1024,705,1.452,705,RGB
FGVC-Aircraft,1024,702,1.459,702,RGB
FGVC-Aircraft,1490,1005,1.483,1005,RGB
FGVC-Aircraft,1024,716,1.43,716,RGB
FGVC-Aircraft,1000,678,1.475,678,RGB
FGVC-Aircraft,1000,678,1.475,678,RGB
FGVC-Aircraft,1024,701,1.461,701,RGB
FGVC-Aircraft,1200,832,1.442,832,RGB
FGVC-Aircraft,1200,812,1.478,812,RGB
FGVC-Aircraft,1024,695,1.473,695,RGB
FGVC-Aircraft,1200,827,1.451,827,RGB
FGVC-Aircraft,1024,694,1.476,694,RGB
FGVC-Aircraft,1200,820,1.463,820,RGB
FGVC-Aircraft,1024,695,1.473,695,RGB
FGVC-Aircraft,1000,744,1.344,744,RGB
FGVC-Aircraft,1024,695,1.473,695,RGB
FGVC-Aircraft,1200,822,1.46,822,RGB
FGVC-Aircraft,800,504,1.587,504,RGB
FGVC-Aircraft,1024,695,1.473,695,RGB
FGVC-Aircraft,1050,730,1.438,730,RGB
FGVC-Aircraft,1000,678,1.475,678,RGB
FGVC-Aircraft,1024,686,1.493,686,RGB
FGVC-Aircraft,800,544,1.471,544,RGB
FGVC-Aircraft,1024,695,1.473,695,RGB
FGVC-Aircraft,1024,693,1.478,693,RGB
FGVC-Aircraft,950,675,1.407,675,RGB
FGVC-Aircraft,1024,695,1.473,695,RGB
FGVC-Aircraft,1020,650,1.569,650,RGB
FGVC-Aircraft,1024,695,1.473,695,RGB
FGVC-Aircraft,1024,695,1.473,695,RGB
FGVC-Aircraft,1024,780,1.313,780,RGB
FGVC-Aircraft,1280,882,1.451,882,RGB
FGVC-Aircraft,1200,769,1.56,769,RGB
FGVC-Aircraft,1200,812,1.478,812,RGB
FGVC-Aircraft,1200,778,1.542,778,RGB
FGVC-Aircraft,1024,694,1.476,694,RGB
FGVC-Aircraft,900,545,1.651,545,RGB
FGVC-Aircraft,1600,1079,1.483,1079,RGB
FGVC-Aircraft,1024,727,1.409,727,RGB
FGVC-Aircraft,1200,820,1.463,820,RGB
FGVC-Aircraft,1400,982,1.426,982,RGB
FGVC-Aircraft,1200,812,1.478,812,RGB
FGVC-Aircraft,1024,695,1.473,695,RGB
FGVC-Aircraft,1100,745,1.477,745,RGB
FGVC-Aircraft,1024,674,1.519,674,RGB
FGVC-Aircraft,1000,679,1.473,679,RGB
FGVC-Aircraft,1200,813,1.476,813,RGB
FGVC-Aircraft,1024,695,1.473,695,RGB
FGVC-Aircraft,1000,679,1.473,679,RGB
FGVC-Aircraft,1000,678,1.475,678,RGB
FGVC-Aircraft,1200,812,1.478,812,RGB
FGVC-Aircraft,1024,717,1.428,717,RGB
FGVC-Aircraft,1200,822,1.46,822,RGB
FGVC-Aircraft,1024,695,1.473,695,RGB
FGVC-Aircraft,1280,882,1.451,882,RGB
FGVC-Aircraft,1024,695,1.473,695,RGB
FGVC-Aircraft,1024,700,1.463,700,RGB
FGVC-Aircraft,1024,704,1.455,704,RGB
FGVC-Aircraft,1200,812,1.478,812,RGB
FGVC-Aircraft,1024,714,1.434,714,RGB
FGVC-Aircraft,1024,695,1.473,695,RGB
FGVC-Aircraft,1100,757,1.453,757,RGB
FGVC-Aircraft,950,700,1.357,700,RGB
FGVC-Aircraft,1000,678,1.475,678,RGB
FGVC-Aircraft,1300,891,1.459,891,RGB
FGVC-Aircraft,1050,730,1.438,730,RGB
FGVC-Aircraft,1024,695,1.473,695,RGB
FGVC-Aircraft,1590,1072,1.483,1072,RGB
FGVC-Aircraft,1020,749,1.362,749,RGB
FGVC-Aircraft,1024,695,1.473,695,RGB
FGVC-Aircraft,1024,689,1.486,689,RGB
FGVC-Aircraft,1000,678,1.475,678,RGB
FGVC-Aircraft,1000,679,1.473,679,RGB
FGVC-Aircraft,1024,659,1.554,659,RGB
FGVC-Aircraft,1024,705,1.452,705,RGB
FGVC-Aircraft,1024,695,1.473,695,RGB
FGVC-Aircraft,1024,686,1.493,686,RGB
FGVC-Aircraft,1600,1079,1.483,1079,RGB
FGVC-Aircraft,1280,882,1.451,882,RGB
FGVC-Aircraft,1280,882,1.451,882,RGB
FGVC-Aircraft,1024,695,1.473,695,RGB
FGVC-Aircraft,1100,771,1.427,771,RGB
FGVC-Aircraft,1024,695,1.473,695,RGB
FGVC-Aircraft,1024,695,1.473,695,RGB
FGVC-Aircraft,1024,695,1.473,695,RGB
FGVC-Aircraft,1024,695,1.473,695,RGB
FGVC-Aircraft,1200,812,1.478,812,RGB
FGVC-Aircraft,1600,1079,1.483,1079,RGB
FGVC-Aircraft,1200,812,1.478,812,RGB
FGVC-Aircraft,1024,696,1.471,696,RGB
FGVC-Aircraft,1280,882,1.451,882,RGB
FGVC-Aircraft,1024,695,1.473,695,RGB
FGVC-Aircraft,1000,678,1.475,678,RGB
FGVC-Aircraft,1024,695,1.473,695,RGB
FGVC-Aircraft,1024,695,1.473,695,RGB
FGVC-Aircraft,1000,719,1.391,719,RGB
FGVC-Aircraft,1000,678,1.475,678,RGB
FGVC-Aircraft,1100,745,1.477,745,RGB
FGVC-Aircraft,1050,749,1.402,749,RGB
FGVC-Aircraft,1024,695,1.473,695,RGB
FGVC-Aircraft,1300,887,1.466,887,RGB
FGVC-Aircraft,1000,678,1.475,678,RGB
FGVC-Aircraft,1024,695,1.473,695,RGB
FGVC-Aircraft,1200,812,1.478,812,RGB
FGVC-Aircraft,1024,734,1.395,734,RGB
FGVC-Aircraft,1024,694,1.476,694,RGB
FGVC-Aircraft,1000,678,1.475,678,RGB
FGVC-Aircraft,1200,817,1.469,817,RGB
FGVC-Aircraft,1280,882,1.451,882,RGB
FGVC-Aircraft,1200,822,1.46,822,RGB
FGVC-Aircraft,1200,812,1.478,812,RGB
FGVC-Aircraft,1020,680,1.5,680,RGB
FGVC-Aircraft,1200,812,1.478,812,RGB
FGVC-Aircraft,1000,678,1.475,678,RGB
FGVC-Aircraft,1000,678,1.475,678,RGB
FGVC-Aircraft,1200,819,1.465,819,RGB
FGVC-Aircraft,1024,731,1.401,731,RGB
FGVC-Aircraft,900,538,1.673,538,RGB
FGVC-Aircraft,1024,695,1.473,695,RGB
FGVC-Aircraft,900,533,1.689,533,RGB
FGVC-Aircraft,1024,695,1.473,695,RGB
FGVC-Aircraft,1024,697,1.469,697,RGB
FGVC-Aircraft,1024,695,1.473,695,RGB
FGVC-Aircraft,1200,832,1.442,832,RGB
FGVC-Aircraft,1200,812,1.478,812,RGB
FGVC-Aircraft,1500,1012,1.482,1012,RGB
FGVC-Aircraft,1024,707,1.448,707,RGB
FGVC-Aircraft,1024,719,1.424,719,RGB
FGVC-Aircraft,1300,899,1.446,899,RGB
FGVC-Aircraft,1024,694,1.476,694,RGB
FGVC-Aircraft,1024,695,1.473,695,RGB
FGVC-Aircraft,1024,695,1.473,695,RGB
FGVC-Aircraft,1024,695,1.473,695,RGB
FGVC-Aircraft,1100,777,1.416,777,RGB
FGVC-Aircraft,1100,780,1.41,780,RGB
FGVC-Aircraft,1024,695,1.473,695,RGB
FGVC-Aircraft,1024,672,1.524,672,RGB
FGVC-Aircraft,1024,695,1.473,695,RGB
FGVC-Aircraft,1200,812,1.478,812,RGB
FGVC-Aircraft,1024,717,1.428,717,RGB
FGVC-Aircraft,1024,695,1.473,695,RGB
FGVC-Aircraft,1024,695,1.473,695,RGB
FGVC-Aircraft,1000,678,1.475,678,RGB
FGVC-Aircraft,1000,678,1.475,678,RGB
FGVC-Aircraft,1024,684,1.497,684,RGB
FGVC-Aircraft,1280,882,1.451,882,RGB
FGVC-Aircraft,1024,694,1.476,694,RGB
FGVC-Aircraft,1024,694,1.476,694,RGB
FGVC-Aircraft,800,477,1.677,477,RGB
FGVC-Aircraft,1050,747,1.406,747,RGB
FGVC-Aircraft,1100,756,1.455,756,RGB
FGVC-Aircraft,1024,677,1.513,677,RGB
FGVC-Aircraft,1200,680,1.765,680,RGB
FGVC-Aircraft,1200,773,1.552,773,RGB
FGVC-Aircraft,1024,722,1.418,722,RGB
FGVC-Aircraft,1280,882,1.451,882,RGB
FGVC-Aircraft,1024,719,1.424,719,RGB
FGVC-Aircraft,1200,811,1.48,811,RGB
FGVC-Aircraft,1500,1012,1.482,1012,RGB
FGVC-Aircraft,900,505,1.782,505,RGB
FGVC-Aircraft,900,541,1.664,541,RGB
FGVC-Aircraft,1200,766,1.567,766,RGB
FGVC-Aircraft,1024,713,1.436,713,RGB
FGVC-Aircraft,1024,695,1.473,695,RGB
FGVC-Aircraft,1024,762,1.344,762,RGB
FGVC-Aircraft,1050,763,1.376,763,RGB
FGVC-Aircraft,1024,695,1.473,695,RGB
FGVC-Aircraft,1200,812,1.478,812,RGB
FGVC-Aircraft,1024,695,1.473,695,RGB
FGVC-Aircraft,1280,882,1.451,882,RGB
FGVC-Aircraft,1200,818,1.467,818,RGB
FGVC-Aircraft,1024,705,1.452,705,RGB
FGVC-Aircraft,1024,694,1.476,694,RGB
FGVC-Aircraft,1024,695,1.473,695,RGB
FGVC-Aircraft,1280,882,1.451,882,RGB
FGVC-Aircraft,1024,695,1.473,695,RGB
FGVC-Aircraft,1000,679,1.473,679,RGB
FGVC-Aircraft,1000,678,1.475,678,RGB
FGVC-Aircraft,1200,812,1.478,812,RGB
FGVC-Aircraft,1024,700,1.463,700,RGB
FGVC-Aircraft,1050,737,1.425,737,RGB
FGVC-Aircraft,800,597,1.34,597,RGB
FGVC-Aircraft,1024,695,1.473,695,RGB
FGVC-Aircraft,1200,812,1.478,812,RGB
FGVC-Aircraft,1024,694,1.476,694,RGB
FGVC-Aircraft,1024,695,1.473,695,RGB
FGVC-Aircraft,1200,686,1.749,686,RGB
FGVC-Aircraft,1024,695,1.473,695,RGB
FGVC-Aircraft,1200,812,1.478,812,RGB
FGVC-Aircraft,1200,812,1.478,812,RGB
FGVC-Aircraft,1024,695,1.473,695,RGB
FGVC-Aircraft,1200,812,1.478,812,RGB
FGVC-Aircraft,800,463,1.728,463,RGB
FGVC-Aircraft,1000,679,1.473,679,RGB
FGVC-Aircraft,1600,1079,1.483,1079,RGB
FGVC-Aircraft,1200,767,1.565,767,RGB
FGVC-Aircraft,1024,695,1.473,695,RGB
FGVC-Aircraft,1024,695,1.473,695,RGB
FGVC-Aircraft,1000,679,1.473,679,RGB
FGVC-Aircraft,1200,716,1.676,716,RGB
FGVC-Aircraft,1200,761,1.577,761,RGB
FGVC-Aircraft,900,529,1.701,529,RGB
FGVC-Aircraft,1024,695,1.473,695,RGB
FGVC-Aircraft,1024,694,1.476,694,RGB
FGVC-Aircraft,1024,695,1.473,695,RGB
FGVC-Aircraft,1000,678,1.475,678,RGB
FGVC-Aircraft,1024,695,1.473,695,RGB
FGVC-Aircraft,1024,707,1.448,707,RGB
FGVC-Aircraft,1024,701,1.461,701,RGB
FGVC-Aircraft,1200,812,1.478,812,RGB
FGVC-Aircraft,1000,679,1.473,679,RGB
FGVC-Aircraft,1200,728,1.648,728,RGB
FGVC-Aircraft,1024,695,1.473,695,RGB
FGVC-Aircraft,1024,695,1.473,695,RGB
FGVC-Aircraft,1024,695,1.473,695,RGB
FGVC-Aircraft,1000,678,1.475,678,RGB
FGVC-Aircraft,1024,698,1.467,698,RGB
FGVC-Aircraft,1200,742,1.617,742,RGB
FGVC-Aircraft,1200,812,1.478,812,RGB
FGVC-Aircraft,1200,833,1.441,833,RGB
FGVC-Aircraft,1024,694,1.476,694,RGB
FGVC-Aircraft,1024,695,1.473,695,RGB
FGVC-Aircraft,1200,812,1.478,812,RGB
FGVC-Aircraft,1000,678,1.475,678,RGB
FGVC-Aircraft,1024,701,1.461,701,RGB
FGVC-Aircraft,1000,679,1.473,679,RGB
FGVC-Aircraft,1000,678,1.475,678,RGB
FGVC-Aircraft,1024,719,1.424,719,RGB
FGVC-Aircraft,1280,882,1.451,882,RGB
FGVC-Aircraft,779,471,1.654,471,RGB
FGVC-Aircraft,1024,695,1.473,695,RGB
FGVC-Aircraft,1024,750,1.365,750,RGB
FGVC-Aircraft,1024,701,1.461,701,RGB
FGVC-Aircraft,1200,812,1.478,812,RGB
FGVC-Aircraft,1024,697,1.469,697,RGB
FGVC-Aircraft,1024,714,1.434,714,RGB
FGVC-Aircraft,1000,678,1.475,678,RGB
FGVC-Aircraft,1024,707,1.448,707,RGB
FGVC-Aircraft,1000,678,1.475,678,RGB
FGVC-Aircraft,1000,678,1.475,678,RGB
FGVC-Aircraft,1200,836,1.435,836,RGB
FGVC-Aircraft,1200,812,1.478,812,RGB
FGVC-Aircraft,1024,698,1.467,698,RGB
FGVC-Aircraft,1280,882,1.451,882,RGB
FGVC-Aircraft,1200,812,1.478,812,RGB
FGVC-Aircraft,1024,699,1.465,699,RGB
FGVC-Aircraft,1200,812,1.478,812,RGB
FGVC-Aircraft,1024,695,1.473,695,RGB
FGVC-Aircraft,1024,695,1.473,695,RGB
FGVC-Aircraft,1024,768,1.333,768,RGB
FGVC-Aircraft,1024,694,1.476,694,RGB
FGVC-Aircraft,1000,678,1.475,678,RGB
FGVC-Aircraft,1600,1079,1.483,1079,RGB
FGVC-Aircraft,1024,732,1.399,732,RGB
FGVC-Aircraft,1000,679,1.473,679,RGB
FGVC-Aircraft,1050,738,1.423,738,RGB
FGVC-Aircraft,1200,812,1.478,812,RGB
FGVC-Aircraft,1100,770,1.429,770,RGB
FGVC-Aircraft,1000,678,1.475,678,RGB
FGVC-Aircraft,900,539,1.67,539,RGB
FGVC-Aircraft,1024,695,1.473,695,RGB
FGVC-Aircraft,1200,832,1.442,832,RGB
FGVC-Aircraft,1024,699,1.465,699,RGB
FGVC-Aircraft,950,660,1.439,660,RGB
FGVC-Aircraft,1200,788,1.523,788,RGB
FGVC-Aircraft,1200,812,1.478,812,RGB
FGVC-Aircraft,1530,1032,1.483,1032,RGB
FGVC-Aircraft,1000,678,1.475,678,RGB
FGVC-Aircraft,1024,719,1.424,719,RGB
FGVC-Aircraft,1000,678,1.475,678,RGB
FGVC-Aircraft,1024,695,1.473,695,RGB
FGVC-Aircraft,1024,708,1.446,708,RGB
FGVC-Aircraft,1024,695,1.473,695,RGB
FGVC-Aircraft,1024,695,1.473,695,RGB
FGVC-Aircraft,1024,708,1.446,708,RGB
FGVC-Aircraft,1024,688,1.488,688,RGB
FGVC-Aircraft,1000,669,1.495,669,RGB
FGVC-Aircraft,1600,1079,1.483,1079,RGB
FGVC-Aircraft,1000,678,1.475,678,RGB
FGVC-Aircraft,1000,679,1.473,679,RGB
FGVC-Aircraft,1024,673,1.522,673,RGB
FGVC-Aircraft,1024,695,1.473,695,RGB
FGVC-Aircraft,1280,882,1.451,882,RGB
FGVC-Aircraft,1024,695,1.473,695,RGB
FGVC-Aircraft,1024,695,1.473,695,RGB
FGVC-Aircraft,1200,812,1.478,812,RGB
FGVC-Aircraft,1600,1079,1.483,1079,RGB
FGVC-Aircraft,1000,678,1.475,678,RGB
FGVC-Aircraft,1000,678,1.475,678,RGB
FGVC-Aircraft,1200,812,1.478,812,RGB
FGVC-Aircraft,1200,812,1.478,812,RGB
FGVC-Aircraft,1024,697,1.469,697,RGB
FGVC-Aircraft,1200,812,1.478,812,RGB
FGVC-Aircraft,1000,679,1.473,679,RGB
FGVC-Aircraft,1024,695,1.473,695,RGB
FGVC-Aircraft,1200,812,1.478,812,RGB
FGVC-Aircraft,1200,812,1.478,812,RGB
FGVC-Aircraft,1500,1012,1.482,1012,RGB
FGVC-Aircraft,950,654,1.453,654,RGB
FGVC-Aircraft,1024,696,1.471,696,RGB
FGVC-Aircraft,1024,694,1.476,694,RGB
FGVC-Aircraft,1024,716,1.43,716,RGB
FGVC-Aircraft,1000,678,1.475,678,RGB
FGVC-Aircraft,1050,749,1.402,749,RGB
FGVC-Aircraft,1024,695,1.473,695,RGB
FGVC-Aircraft,800,483,1.656,483,RGB
FGVC-Aircraft,1024,694,1.476,694,RGB
FGVC-Aircraft,1024,703,1.457,703,RGB
FGVC-Aircraft,1024,694,1.476,694,RGB
FGVC-Aircraft,1000,678,1.475,678,RGB
FGVC-Aircraft,1200,812,1.478,812,RGB
FGVC-Aircraft,1000,678,1.475,678,RGB
FGVC-Aircraft,1100,745,1.477,745,RGB
FGVC-Aircraft,1000,678,1.475,678,RGB
FGVC-Aircraft,1024,695,1.473,695,RGB
FGVC-Aircraft,1000,679,1.473,679,RGB
FGVC-Aircraft,1520,1026,1.481,1026,RGB
FGVC-Aircraft,1000,679,1.473,679,RGB
FGVC-Aircraft,1024,695,1.473,695,RGB
FGVC-Aircraft,1024,717,1.428,717,RGB
FGVC-Aircraft,1000,678,1.475,678,RGB
FGVC-Aircraft,1200,822,1.46,822,RGB
FGVC-Aircraft,1000,679,1.473,679,RGB
FGVC-Aircraft,1600,1079,1.483,1079,RGB
FGVC-Aircraft,800,561,1.426,561,RGB
FGVC-Aircraft,1200,812,1.478,812,RGB
FGVC-Aircraft,1024,710,1.442,710,RGB
FGVC-Aircraft,1200,812,1.478,812,RGB
FGVC-Aircraft,1200,814,1.474,814,RGB
FGVC-Aircraft,1024,694,1.476,694,RGB
FGVC-Aircraft,1200,809,1.483,809,RGB
FGVC-Aircraft,1024,699,1.465,699,RGB
