encoder,dataset,K,seed,T,method,test_acc
resnet18,DTD,5,0.0,,prototype_baseline,46.91489338874817
resnet18,DTD,5,1.0,,prototype_baseline,43.93616914749145
resnet18,DTD,5,2.0,,prototype_baseline,47.44680821895599
resnet18,DTD,10,0.0,,prototype_baseline,50.7446825504303
resnet18,DTD,10,1.0,,prototype_baseline,53.19148898124695
resnet18,DTD,10,2.0,,prototype_baseline,51.06382966041565
resnet18,DTD,full,,,prototype_baseline,58.82978439331055
resnet18,FGVC-Aircraft,5,0.0,,prototype_baseline,16.59165918827057
resnet18,FGVC-Aircraft,5,1.0,,prototype_baseline,16.02160185575485
resnet18,FGVC-Aircraft,5,2.0,,prototype_baseline,16.7716771364212
resnet18,FGVC-Aircraft,10,0.0,,prototype_baseline,20.13201266527176
resnet18,FGVC-Aircraft,10,1.0,,prototype_baseline,21.36213630437851
resnet18,FGVC-Aircraft,10,2.0,,prototype_baseline,19.08190846443176
resnet18,FGVC-Aircraft,full,,,prototype_baseline,25.47254860401153
dinov2,FGVC-Aircraft,5,0.0,,prototype_baseline,24.3324339389801
dinov2,FGVC-Aircraft,5,1.0,,prototype_baseline,23.52235168218612
dinov2,FGVC-Aircraft,5,2.0,,prototype_baseline,23.52235168218612
dinov2,FGVC-Aircraft,10,0.0,,prototype_baseline,27.872785925865166
dinov2,FGVC-Aircraft,10,1.0,,prototype_baseline,28.65286469459533
dinov2,FGVC-Aircraft,10,2.0,,prototype_baseline,26.702669262886047
dinov2,FGVC-Aircraft,full,,,prototype_baseline,34.26342606544494
resnet18,DTD,5,0.0,4.0,standard_fm,45.638296008110046
resnet18,DTD,5,0.0,12.0,standard_fm,45.90425491333008
resnet18,DTD,5,1.0,4.0,standard_fm,43.617019057273865
resnet18,DTD,5,1.0,12.0,standard_fm,43.936169147491455
resnet18,DTD,5,2.0,4.0,standard_fm,44.14893388748169
resnet18,DTD,5,2.0,12.0,standard_fm,44.52127516269684
resnet18,DTD,10,0.0,4.0,standard_fm,49.99999701976776
resnet18,DTD,10,0.0,12.0,standard_fm,50.15957355499268
resnet18,DTD,10,1.0,4.0,standard_fm,49.30850863456726
resnet18,DTD,10,1.0,12.0,standard_fm,49.78723227977753
resnet18,DTD,10,2.0,4.0,standard_fm,51.01063847541809
resnet18,DTD,10,2.0,12.0,standard_fm,51.06382966041565
resnet18,DTD,full,0.0,4.0,standard_fm,58.882975578308105
resnet18,DTD,full,0.0,12.0,standard_fm,58.77659320831299
resnet18,DTD,full,1.0,4.0,standard_fm,59.94680523872376
resnet18,DTD,full,1.0,12.0,standard_fm,59.84042286872864
resnet18,DTD,full,2.0,4.0,standard_fm,59.94680523872376
resnet18,DTD,full,2.0,12.0,standard_fm,60.05318760871887
resnet18,FGVC-Aircraft,5,0.0,4.0,standard_fm,18.72187107801437
resnet18,FGVC-Aircraft,5,0.0,12.0,standard_fm,18.961896002292637
resnet18,FGVC-Aircraft,5,1.0,4.0,standard_fm,17.851784825325012
resnet18,FGVC-Aircraft,5,1.0,12.0,standard_fm,17.911790311336517
resnet18,FGVC-Aircraft,5,2.0,4.0,standard_fm,19.861985743045807
resnet18,FGVC-Aircraft,5,2.0,12.0,standard_fm,19.951994717121124
resnet18,FGVC-Aircraft,10,0.0,4.0,standard_fm,23.31233024597168
resnet18,FGVC-Aircraft,10,0.0,12.0,standard_fm,23.67236614227295
resnet18,FGVC-Aircraft,10,1.0,4.0,standard_fm,24.092409014701843
resnet18,FGVC-Aircraft,10,1.0,12.0,standard_fm,24.27242696285248
resnet18,FGVC-Aircraft,10,2.0,4.0,standard_fm,23.642362654209137
resnet18,FGVC-Aircraft,10,2.0,12.0,standard_fm,23.79237860441208
resnet18,FGVC-Aircraft,full,0.0,4.0,standard_fm,31.533151865005493
resnet18,FGVC-Aircraft,full,0.0,12.0,standard_fm,31.26312494277954
resnet18,FGVC-Aircraft,full,1.0,4.0,standard_fm,31.62316083908081
resnet18,FGVC-Aircraft,full,1.0,12.0,standard_fm,31.32313191890717
resnet18,FGVC-Aircraft,full,2.0,4.0,standard_fm,29.972997307777405
resnet18,FGVC-Aircraft,full,2.0,12.0,standard_fm,30.333033204078674
dinov2,FGVC-Aircraft,5,0.0,4.0,standard_fm,33.873385190963745
dinov2,FGVC-Aircraft,5,0.0,12.0,standard_fm,33.45334529876709
dinov2,FGVC-Aircraft,5,1.0,4.0,standard_fm,33.48334729671478
dinov2,FGVC-Aircraft,5,1.0,12.0,standard_fm,32.673266530036926
dinov2,FGVC-Aircraft,5,2.0,4.0,standard_fm,32.55325257778168
dinov2,FGVC-Aircraft,5,2.0,12.0,standard_fm,32.34323263168335
dinov2,FGVC-Aircraft,10,0.0,4.0,standard_fm,43.59435737133026
dinov2,FGVC-Aircraft,10,0.0,12.0,standard_fm,42.96429455280304
dinov2,FGVC-Aircraft,10,1.0,4.0,standard_fm,44.16441321372986
dinov2,FGVC-Aircraft,10,1.0,12.0,standard_fm,43.32433044910431
dinov2,FGVC-Aircraft,10,2.0,4.0,standard_fm,42.064204812049866
dinov2,FGVC-Aircraft,10,2.0,12.0,standard_fm,41.16411507129669
dinov2,FGVC-Aircraft,full,0.0,4.0,standard_fm,56.5556526184082
dinov2,FGVC-Aircraft,full,0.0,12.0,standard_fm,56.04560375213623
dinov2,FGVC-Aircraft,full,1.0,4.0,standard_fm,56.22562170028687
dinov2,FGVC-Aircraft,full,1.0,12.0,standard_fm,55.56555390357971
dinov2,FGVC-Aircraft,full,2.0,4.0,standard_fm,56.76567554473877
dinov2,FGVC-Aircraft,full,2.0,12.0,standard_fm,55.4755449295044
resnet18,DTD,5,0.0,4.0,rolled_out_fm,42.553189396858215
resnet18,DTD,5,0.0,12.0,rolled_out_fm,42.34042465686798
resnet18,DTD,5,1.0,4.0,rolled_out_fm,41.06382727622986
resnet18,DTD,5,1.0,12.0,rolled_out_fm,40.85106253623962
resnet18,DTD,5,2.0,4.0,rolled_out_fm,39.36170041561127
resnet18,DTD,5,2.0,12.0,rolled_out_fm,39.414891600608826
resnet18,DTD,10,0.0,4.0,rolled_out_fm,44.999998807907104
resnet18,DTD,10,0.0,12.0,rolled_out_fm,45.42553126811981
resnet18,DTD,10,1.0,4.0,rolled_out_fm,43.08510422706604
resnet18,DTD,10,1.0,12.0,rolled_out_fm,44.04255151748657
resnet18,DTD,10,2.0,4.0,rolled_out_fm,46.22340202331543
resnet18,DTD,10,2.0,12.0,rolled_out_fm,46.48936092853546
resnet18,DTD,full,0.0,4.0,rolled_out_fm,55.31914830207825
resnet18,DTD,full,0.0,12.0,rolled_out_fm,55.47872185707092
resnet18,DTD,full,1.0,4.0,rolled_out_fm,56.22340440750122
resnet18,DTD,full,1.0,12.0,rolled_out_fm,56.1170220375061
resnet18,DTD,full,2.0,4.0,rolled_out_fm,56.01063370704651
resnet18,DTD,full,2.0,12.0,rolled_out_fm,55.85106015205383
resnet18,FGVC-Aircraft,5,0.0,4.0,rolled_out_fm,15.87158590555191
resnet18,FGVC-Aircraft,5,0.0,12.0,rolled_out_fm,16.051603853702545
resnet18,FGVC-Aircraft,5,1.0,4.0,rolled_out_fm,16.921691596508026
resnet18,FGVC-Aircraft,5,1.0,12.0,rolled_out_fm,17.311730980873108
resnet18,FGVC-Aircraft,5,2.0,4.0,rolled_out_fm,17.521750926971436
resnet18,FGVC-Aircraft,5,2.0,12.0,rolled_out_fm,17.731772363185883
resnet18,FGVC-Aircraft,10,0.0,4.0,rolled_out_fm,20.82208096981049
resnet18,FGVC-Aircraft,10,0.0,12.0,rolled_out_fm,19.921991229057312
resnet18,FGVC-Aircraft,10,1.0,4.0,rolled_out_fm,20.432043075561523
resnet18,FGVC-Aircraft,10,1.0,12.0,rolled_out_fm,20.3720360994339
resnet18,FGVC-Aircraft,10,2.0,4.0,rolled_out_fm,19.77197676897049
resnet18,FGVC-Aircraft,10,2.0,12.0,rolled_out_fm,19.981996715068817
resnet18,FGVC-Aircraft,full,0.0,4.0,rolled_out_fm,26.13261342048645
resnet18,FGVC-Aircraft,full,0.0,12.0,rolled_out_fm,25.682568550109863
resnet18,FGVC-Aircraft,full,1.0,4.0,rolled_out_fm,27.06270515918732
resnet18,FGVC-Aircraft,full,1.0,12.0,rolled_out_fm,26.73267126083374
resnet18,FGVC-Aircraft,full,2.0,4.0,rolled_out_fm,23.73237162828445
resnet18,FGVC-Aircraft,full,2.0,12.0,rolled_out_fm,23.43234270811081
dinov2,FGVC-Aircraft,5,0.0,4.0,rolled_out_fm,34.1434121131897
dinov2,FGVC-Aircraft,5,0.0,12.0,rolled_out_fm,34.32343006134033
dinov2,FGVC-Aircraft,5,1.0,4.0,rolled_out_fm,34.71347093582153
dinov2,FGVC-Aircraft,5,1.0,12.0,rolled_out_fm,34.05340313911438
dinov2,FGVC-Aircraft,5,2.0,4.0,rolled_out_fm,33.54335427284241
dinov2,FGVC-Aircraft,5,2.0,12.0,rolled_out_fm,33.21332037448883
dinov2,FGVC-Aircraft,10,0.0,4.0,rolled_out_fm,45.39453685283661
dinov2,FGVC-Aircraft,10,0.0,12.0,rolled_out_fm,45.30452787876129
dinov2,FGVC-Aircraft,10,1.0,4.0,rolled_out_fm,46.53465151786804
dinov2,FGVC-Aircraft,10,1.0,12.0,rolled_out_fm,46.20461761951447
dinov2,FGVC-Aircraft,10,2.0,4.0,rolled_out_fm,44.34443414211273
dinov2,FGVC-Aircraft,10,2.0,12.0,rolled_out_fm,44.55445408821106
dinov2,FGVC-Aircraft,full,0.0,4.0,rolled_out_fm,52.445244789123535
dinov2,FGVC-Aircraft,full,0.0,12.0,rolled_out_fm,52.325230836868286
dinov2,FGVC-Aircraft,full,1.0,4.0,rolled_out_fm,52.68526673316956
dinov2,FGVC-Aircraft,full,1.0,12.0,rolled_out_fm,52.74527072906494
dinov2,FGVC-Aircraft,full,2.0,4.0,rolled_out_fm,51.00510120391846
dinov2,FGVC-Aircraft,full,2.0,12.0,rolled_out_fm,51.15511417388916
