encoder,dataset,K,seed,T,method,n_train,test_acc,final_loss,elapsed_s
resnet18,DTD,5,0,4,rolled_out_fm,235,42.553189396858215,0.040140047669410706,3.7
resnet18,DTD,5,0,12,rolled_out_fm,235,42.34042465686798,0.043276865035295486,7.69
resnet18,DTD,5,1,4,rolled_out_fm,235,41.06382727622986,0.041140053421258926,3.12
resnet18,DTD,5,1,12,rolled_out_fm,235,40.851062536239624,0.04469316452741623,7.8
resnet18,DTD,5,2,4,rolled_out_fm,235,39.36170041561127,0.04244602099061012,3.08
resnet18,DTD,5,2,12,rolled_out_fm,235,39.414891600608826,0.044733189046382904,7.86
resnet18,DTD,10,0,4,rolled_out_fm,470,44.999998807907104,0.059358492493629456,6.11
resnet18,DTD,10,0,12,rolled_out_fm,470,45.42553126811981,0.062005721032619476,16.26
resnet18,DTD,10,1,4,rolled_out_fm,470,43.08510422706604,0.059513576328754425,6.77
resnet18,DTD,10,1,12,rolled_out_fm,470,44.04255151748657,0.0622740276157856,16.14
resnet18,DTD,10,2,4,rolled_out_fm,470,46.22340202331543,0.060504406690597534,6.11
resnet18,DTD,10,2,12,rolled_out_fm,470,46.48936092853546,0.0636197030544281,19.57
resnet18,DTD,full,0,4,rolled_out_fm,1880,55.31914830207825,0.08645625412464142,25.83
resnet18,DTD,full,0,12,rolled_out_fm,1880,55.47872185707092,0.08703991770744324,73.02
resnet18,DTD,full,1,4,rolled_out_fm,1880,56.22340440750122,0.0860399454832077,29.83
resnet18,DTD,full,1,12,rolled_out_fm,1880,56.1170220375061,0.08665668964385986,76.92
resnet18,DTD,full,2,4,rolled_out_fm,1880,56.01063370704651,0.08645664155483246,30.64
resnet18,DTD,full,2,12,rolled_out_fm,1880,55.85106015205383,0.08733344823122025,75.11
resnet18,FGVC-Aircraft,5,0,4,rolled_out_fm,500,15.87158590555191,0.03013950027525425,8.24
resnet18,FGVC-Aircraft,5,0,12,rolled_out_fm,500,16.051603853702545,0.030891014263033867,19.81
resnet18,FGVC-Aircraft,5,1,4,rolled_out_fm,500,16.921691596508026,0.031196869909763336,8.14
resnet18,FGVC-Aircraft,5,1,12,rolled_out_fm,500,17.311730980873108,0.03184753283858299,20.31
resnet18,FGVC-Aircraft,5,2,4,rolled_out_fm,500,17.521750926971436,0.0306086465716362,8.6
resnet18,FGVC-Aircraft,5,2,12,rolled_out_fm,500,17.731772363185883,0.031016068533062935,19.43
resnet18,FGVC-Aircraft,10,0,4,rolled_out_fm,1000,20.822080969810486,0.02820560149848461,16.37
resnet18,FGVC-Aircraft,10,0,12,rolled_out_fm,1000,19.921991229057312,0.028723806142807007,41.43
resnet18,FGVC-Aircraft,10,1,4,rolled_out_fm,1000,20.432043075561523,0.028533663600683212,20.06
resnet18,FGVC-Aircraft,10,1,12,rolled_out_fm,1000,20.3720360994339,0.02913655899465084,66.28
resnet18,FGVC-Aircraft,10,2,4,rolled_out_fm,1000,19.77197676897049,0.028413590043783188,25.14
resnet18,FGVC-Aircraft,10,2,12,rolled_out_fm,1000,19.981996715068817,0.028877824544906616,53.14
resnet18,FGVC-Aircraft,full,0,4,rolled_out_fm,3334,26.13261342048645,0.02154705300927162,75.77
resnet18,FGVC-Aircraft,full,0,12,rolled_out_fm,3334,25.682568550109863,0.02205117605626583,144.25
resnet18,FGVC-Aircraft,full,1,4,rolled_out_fm,3334,27.062705159187317,0.021784799173474312,56.72
resnet18,FGVC-Aircraft,full,1,12,rolled_out_fm,3334,26.73267126083374,0.0224147979170084,139.99
resnet18,FGVC-Aircraft,full,2,4,rolled_out_fm,3334,23.732371628284454,0.022058676928281784,57.1
resnet18,FGVC-Aircraft,full,2,12,rolled_out_fm,3334,23.43234270811081,0.02205733209848404,142.63
dinov2,FGVC-Aircraft,5,0,4,rolled_out_fm,500,34.1434121131897,0.08784410357475281,8.65
dinov2,FGVC-Aircraft,5,0,12,rolled_out_fm,500,34.32343006134033,0.08929643034934998,20.77
dinov2,FGVC-Aircraft,5,1,4,rolled_out_fm,500,34.71347093582153,0.08600413054227829,8.72
dinov2,FGVC-Aircraft,5,1,12,rolled_out_fm,500,34.05340313911438,0.0872313380241394,21.53
dinov2,FGVC-Aircraft,5,2,4,rolled_out_fm,500,33.54335427284241,0.08609336614608765,8.54
dinov2,FGVC-Aircraft,5,2,12,rolled_out_fm,500,33.21332037448883,0.08808553218841553,19.79
dinov2,FGVC-Aircraft,10,0,4,rolled_out_fm,1000,45.39453685283661,0.08748546987771988,16.32
dinov2,FGVC-Aircraft,10,0,12,rolled_out_fm,1000,45.30452787876129,0.08858665078878403,41.43
dinov2,FGVC-Aircraft,10,1,4,rolled_out_fm,1000,46.53465151786804,0.08667962998151779,18.06
dinov2,FGVC-Aircraft,10,1,12,rolled_out_fm,1000,46.204617619514465,0.08749128878116608,48.76
dinov2,FGVC-Aircraft,10,2,4,rolled_out_fm,1000,44.34443414211273,0.08749090880155563,19.66
dinov2,FGVC-Aircraft,10,2,12,rolled_out_fm,1000,44.55445408821106,0.08840171992778778,49.87
dinov2,FGVC-Aircraft,full,0,4,rolled_out_fm,3334,52.445244789123535,0.06209489703178406,70.94
dinov2,FGVC-Aircraft,full,0,12,rolled_out_fm,3334,52.325230836868286,0.059367045760154724,153.86
dinov2,FGVC-Aircraft,full,1,4,rolled_out_fm,3334,52.685266733169556,0.061708346009254456,36.29
dinov2,FGVC-Aircraft,full,1,12,rolled_out_fm,3334,52.74527072906494,0.06250005960464478,84.01
dinov2,FGVC-Aircraft,full,2,4,rolled_out_fm,3334,51.00510120391846,0.06462963670492172,33.18
dinov2,FGVC-Aircraft,full,2,12,rolled_out_fm,3334,51.15511417388916,0.06006057932972908,84.53
